 Image mysql:8.4 Pulling 
 Image sail-8.5/app Pulling 
 Image sail-8.5/app failed to resolve reference "sail-8.5/app:latest": failed to do request: Head "https://sail-8.5/v2/app/manifests/latest": dialing sail-8.5:443 container via direct connection because Docker Desktop has no HTTPS proxy: connecting to sail-8.5:443: dial tcp: lookup sail-8.5: no such host 
 182cd03161a6 Pulling fs layer 0B
 df58ba29e471 Pulling fs layer 0B
 bb5107df7baa Pulling fs layer 0B
 6b97080db618 Pulling fs layer 0B
 aa6e6468bcd7 Pulling fs layer 0B
 506bcb676d56 Pulling fs layer 0B
 f035ba2a42b8 Pulling fs layer 0B
 8b565c834d59 Pulling fs layer 0B
 9b9c5f1fb954 Pulling fs layer 0B
 97a156be315d Pulling fs layer 0B
 a530fb778368 Download complete 0B
 aa6e6468bcd7 Download complete 0B
 182cd03161a6 Downloading 5.334kB
 df58ba29e471 Download complete 0B
 182cd03161a6 Download complete 0B
 f035ba2a42b8 Download complete 0B
 97a156be315d Download complete 0B
 1201b5e78267 Downloading 1.049MB
 1201b5e78267 Downloading 1.049MB
 1201b5e78267 Downloading 1.049MB
 1201b5e78267 Downloading 1.049MB
 1201b5e78267 Downloading 1.049MB
 6b97080db618 Downloading 1.049MB
 6b97080db618 Downloading 1.049MB
 1201b5e78267 Downloading 1.049MB
 8b565c834d59 Downloading 1.049MB
 1201b5e78267 Downloading 1.049MB
 6b97080db618 Downloading 1.049MB
 1201b5e78267 Downloading 2.097MB
 9b9c5f1fb954 Download complete 0B
 6b97080db618 Downloading 1.049MB
 8b565c834d59 Downloading 1.049MB
 6b97080db618 Downloading 1.049MB
 bb5107df7baa Downloading 1.049MB
 8b565c834d59 Downloading 1.049MB
 1201b5e78267 Downloading 2.097MB
 6b97080db618 Downloading 2.097MB
 bb5107df7baa Downloading 1.049MB
 8b565c834d59 Downloading 1.049MB
 1201b5e78267 Downloading 3.146MB
 6b97080db618 Downloading 2.097MB
 506bcb676d56 Downloading 1.049MB
 bb5107df7baa Downloading 1.049MB
 8b565c834d59 Downloading 1.049MB
 1201b5e78267 Downloading 3.146MB
 6b97080db618 Downloading 2.097MB
 506bcb676d56 Downloading 1.049MB
 bb5107df7baa Downloading 1.049MB
 8b565c834d59 Downloading 1.049MB
 1201b5e78267 Downloading 4.194MB
 1201b5e78267 Downloading 4.194MB
 6b97080db618 Downloading 2.097MB
 506bcb676d56 Downloading 1.049MB
 bb5107df7baa Downloading 1.049MB
 8b565c834d59 Downloading 1.049MB
 1201b5e78267 Downloading 4.194MB
 6b97080db618 Downloading 2.097MB
 506bcb676d56 Downloading 1.049MB
 bb5107df7baa Downloading 1.049MB
 8b565c834d59 Downloading 2.097MB
 1201b5e78267 Downloading 5.243MB
 6b97080db618 Downloading 2.097MB
 506bcb676d56 Downloading 1.049MB
 bb5107df7baa Downloading 1.049MB
 8b565c834d59 Downloading 2.097MB
 1201b5e78267 Downloading 5.243MB
 6b97080db618 Downloading 3.146MB
 506bcb676d56 Downloading 1.049MB
 bb5107df7baa Downloading 1.049MB
 8b565c834d59 Downloading 2.097MB
 1201b5e78267 Downloading 5.243MB
 6b97080db618 Downloading 3.146MB
 506bcb676d56 Downloading 1.049MB
 bb5107df7baa Downloading 2.097MB
 8b565c834d59 Downloading 2.097MB
 6b97080db618 Downloading 3.146MB
 506bcb676d56 Downloading 1.049MB
 bb5107df7baa Downloading 2.097MB
 8b565c834d59 Downloading 2.097MB
 1201b5e78267 Downloading 5.243MB
 bb5107df7baa Downloading 2.097MB
 8b565c834d59 Downloading 2.097MB
 1201b5e78267 Downloading 6.291MB
 6b97080db618 Downloading 3.146MB
 506bcb676d56 Downloading 1.049MB
 bb5107df7baa Downloading 2.097MB
 8b565c834d59 Downloading 3.146MB
 1201b5e78267 Downloading 6.291MB
 6b97080db618 Downloading 3.146MB
 506bcb676d56 Downloading 1.049MB
 1201b5e78267 Downloading 6.291MB
 6b97080db618 Downloading 3.146MB
 506bcb676d56 Downloading 1.049MB
 bb5107df7baa Downloading 2.097MB
 8b565c834d59 Downloading 3.146MB
 bb5107df7baa Downloading 2.097MB
 8b565c834d59 Downloading 3.146MB
 1201b5e78267 Downloading 6.291MB
 6b97080db618 Downloading 4.194MB
 506bcb676d56 Downloading 2.097MB
 bb5107df7baa Downloading 2.097MB
 8b565c834d59 Downloading 3.146MB
 1201b5e78267 Downloading 6.545MB
 6b97080db618 Downloading 4.194MB
 506bcb676d56 Downloading 2.097MB
 6b97080db618 Downloading 4.194MB
 506bcb676d56 Downloading 2.097MB
 bb5107df7baa Downloading 2.097MB
 8b565c834d59 Downloading 3.146MB
 1201b5e78267 Downloading 7.34MB
 6b97080db618 Downloading 4.194MB
 506bcb676d56 Downloading 2.097MB
 bb5107df7baa Downloading 2.097MB
 8b565c834d59 Downloading 3.146MB
 1201b5e78267 Downloading 7.34MB
 6b97080db618 Downloading 4.194MB
 506bcb676d56 Downloading 2.097MB
 bb5107df7baa Downloading 2.097MB
 8b565c834d59 Downloading 3.146MB
 1201b5e78267 Downloading 7.34MB
 506bcb676d56 Downloading 2.097MB
 bb5107df7baa Downloading 2.097MB
 8b565c834d59 Downloading 3.146MB
 1201b5e78267 Downloading 7.34MB
 6b97080db618 Downloading 4.194MB
 6b97080db618 Downloading 4.194MB
 506bcb676d56 Downloading 2.097MB
 bb5107df7baa Downloading 2.097MB
 8b565c834d59 Downloading 3.146MB
 1201b5e78267 Downloading 7.34MB
 6b97080db618 Downloading 4.194MB
 506bcb676d56 Downloading 2.097MB
 bb5107df7baa Downloading 3.146MB
 8b565c834d59 Downloading 3.146MB
 1201b5e78267 Downloading 8.389MB
 6b97080db618 Downloading 4.194MB
 506bcb676d56 Downloading 2.097MB
 bb5107df7baa Downloading 3.146MB
 8b565c834d59 Downloading 3.146MB
 1201b5e78267 Downloading 9.437MB
 1201b5e78267 Downloading 9.437MB
 6b97080db618 Downloading 4.194MB
 506bcb676d56 Downloading 2.097MB
 bb5107df7baa Downloading 3.146MB
 8b565c834d59 Downloading 3.146MB
 1201b5e78267 Downloading 9.437MB
 6b97080db618 Downloading 4.194MB
 506bcb676d56 Downloading 2.097MB
 bb5107df7baa Downloading 3.146MB
 8b565c834d59 Downloading 3.146MB
 506bcb676d56 Downloading 2.097MB
 bb5107df7baa Downloading 3.146MB
 8b565c834d59 Downloading 3.146MB
 1201b5e78267 Downloading 9.437MB
 6b97080db618 Downloading 4.194MB
 bb5107df7baa Downloading 3.146MB
 8b565c834d59 Downloading 3.146MB
 1201b5e78267 Downloading 9.437MB
 6b97080db618 Downloading 4.194MB
 506bcb676d56 Downloading 2.097MB
 506bcb676d56 Downloading 2.097MB
 bb5107df7baa Downloading 3.146MB
 8b565c834d59 Downloading 3.146MB
 1201b5e78267 Downloading 10.49MB
 6b97080db618 Downloading 4.194MB
 506bcb676d56 Downloading 2.097MB
 bb5107df7baa Downloading 3.146MB
 8b565c834d59 Downloading 3.146MB
 1201b5e78267 Downloading 10.49MB
 6b97080db618 Downloading 4.194MB
 bb5107df7baa Downloading 3.146MB
 8b565c834d59 Downloading 3.146MB
 1201b5e78267 Downloading 10.49MB
 6b97080db618 Downloading 4.194MB
 506bcb676d56 Downloading 2.097MB
 6b97080db618 Downloading 4.194MB
 506bcb676d56 Downloading 2.097MB
 bb5107df7baa Downloading 3.146MB
 8b565c834d59 Downloading 3.146MB
 1201b5e78267 Downloading 10.49MB
 1201b5e78267 Downloading 10.49MB
 6b97080db618 Downloading 4.194MB
 506bcb676d56 Downloading 2.097MB
 bb5107df7baa Downloading 3.146MB
 8b565c834d59 Downloading 3.146MB
 1201b5e78267 Downloading 10.49MB
 6b97080db618 Downloading 4.194MB
 506bcb676d56 Downloading 2.097MB
 bb5107df7baa Downloading 3.146MB
 8b565c834d59 Downloading 3.146MB
 bb5107df7baa Downloading 3.146MB
 8b565c834d59 Downloading 3.146MB
 1201b5e78267 Downloading 10.49MB
 6b97080db618 Downloading 4.194MB
 506bcb676d56 Downloading 2.097MB
 506bcb676d56 Downloading 2.097MB
 bb5107df7baa Downloading 3.146MB
 8b565c834d59 Downloading 4.194MB
 1201b5e78267 Downloading 10.49MB
 6b97080db618 Downloading 4.194MB
 1201b5e78267 Downloading 11.53MB
 6b97080db618 Downloading 4.194MB
 506bcb676d56 Downloading 2.097MB
 bb5107df7baa Downloading 3.146MB
 8b565c834d59 Downloading 4.194MB
 8b565c834d59 Downloading 4.194MB
 1201b5e78267 Downloading 11.53MB
 6b97080db618 Downloading 4.194MB
 506bcb676d56 Downloading 2.097MB
 bb5107df7baa Downloading 3.146MB
 6b97080db618 Downloading 5.243MB
 506bcb676d56 Downloading 2.097MB
 bb5107df7baa Downloading 3.146MB
 8b565c834d59 Downloading 4.194MB
 1201b5e78267 Downloading 11.53MB
 1201b5e78267 Downloading 11.53MB
 6b97080db618 Downloading 5.243MB
 506bcb676d56 Downloading 2.097MB
 bb5107df7baa Downloading 3.146MB
 8b565c834d59 Downloading 4.194MB
 1201b5e78267 Downloading 11.53MB
 6b97080db618 Downloading 5.243MB
 506bcb676d56 Downloading 2.097MB
 bb5107df7baa Downloading 3.146MB
 8b565c834d59 Downloading 4.194MB
 1201b5e78267 Downloading 11.53MB
 6b97080db618 Downloading 5.243MB
 506bcb676d56 Downloading 2.097MB
 bb5107df7baa Downloading 3.146MB
 8b565c834d59 Downloading 4.194MB
 506bcb676d56 Downloading 2.097MB
 bb5107df7baa Downloading 3.146MB
 8b565c834d59 Downloading 4.194MB
 1201b5e78267 Downloading 11.53MB
 6b97080db618 Downloading 5.243MB
 506bcb676d56 Downloading 2.097MB
 bb5107df7baa Downloading 3.146MB
 8b565c834d59 Downloading 4.194MB
 1201b5e78267 Downloading 11.53MB
 6b97080db618 Downloading 5.243MB
 506bcb676d56 Downloading 2.097MB
 bb5107df7baa Downloading 3.146MB
 8b565c834d59 Downloading 4.194MB
 1201b5e78267 Downloading 12.58MB
 6b97080db618 Downloading 5.243MB
 1201b5e78267 Downloading 12.58MB
 6b97080db618 Downloading 5.243MB
 506bcb676d56 Downloading 2.097MB
 bb5107df7baa Downloading 3.146MB
 8b565c834d59 Downloading 4.194MB
 bb5107df7baa Downloading 3.146MB
 8b565c834d59 Downloading 4.194MB
 1201b5e78267 Downloading 12.58MB
 6b97080db618 Downloading 5.243MB
 506bcb676d56 Downloading 2.097MB
 6b97080db618 Downloading 5.243MB
 506bcb676d56 Downloading 2.097MB
 bb5107df7baa Downloading 3.146MB
 8b565c834d59 Downloading 4.194MB
 1201b5e78267 Downloading 12.58MB
 1201b5e78267 Downloading 12.58MB
 6b97080db618 Downloading 5.243MB
 506bcb676d56 Downloading 2.097MB
 bb5107df7baa Downloading 3.146MB
 8b565c834d59 Downloading 4.194MB
 506bcb676d56 Downloading 2.097MB
 bb5107df7baa Downloading 3.146MB
 8b565c834d59 Downloading 4.194MB
 1201b5e78267 Downloading 12.58MB
 6b97080db618 Downloading 5.243MB
 1201b5e78267 Downloading 13.63MB
 6b97080db618 Downloading 5.243MB
 506bcb676d56 Downloading 2.097MB
 bb5107df7baa Downloading 3.146MB
 8b565c834d59 Downloading 4.194MB
 6b97080db618 Downloading 5.243MB
 506bcb676d56 Downloading 2.097MB
 bb5107df7baa Downloading 3.146MB
 8b565c834d59 Downloading 5.243MB
 1201b5e78267 Downloading 13.63MB
 506bcb676d56 Downloading 2.097MB
 bb5107df7baa Downloading 3.146MB
 8b565c834d59 Downloading 5.243MB
 1201b5e78267 Downloading 13.63MB
 6b97080db618 Downloading 5.243MB
 bb5107df7baa Downloading 3.146MB
 8b565c834d59 Downloading 5.243MB
 1201b5e78267 Downloading 13.63MB
 6b97080db618 Downloading 5.243MB
 506bcb676d56 Downloading 2.097MB
 bb5107df7baa Downloading 3.146MB
 8b565c834d59 Downloading 5.243MB
 1201b5e78267 Downloading 13.63MB
 6b97080db618 Downloading 5.243MB
 506bcb676d56 Downloading 2.097MB
 1201b5e78267 Downloading 13.63MB
 6b97080db618 Downloading 5.243MB
 506bcb676d56 Downloading 2.097MB
 bb5107df7baa Downloading 3.146MB
 8b565c834d59 Downloading 5.243MB
 6b97080db618 Downloading 5.243MB
 506bcb676d56 Downloading 2.097MB
 bb5107df7baa Downloading 3.146MB
 8b565c834d59 Downloading 5.243MB
 1201b5e78267 Downloading 13.63MB
 506bcb676d56 Downloading 3.146MB
 bb5107df7baa Downloading 3.146MB
 8b565c834d59 Downloading 5.243MB
 1201b5e78267 Downloading 13.63MB
 6b97080db618 Downloading 5.243MB
 1201b5e78267 Downloading 14.68MB
 6b97080db618 Downloading 5.243MB
 506bcb676d56 Downloading 3.146MB
 bb5107df7baa Downloading 4.194MB
 8b565c834d59 Downloading 5.243MB
 506bcb676d56 Downloading 3.146MB
 bb5107df7baa Downloading 4.194MB
 8b565c834d59 Downloading 5.243MB
 1201b5e78267 Downloading 14.68MB
 6b97080db618 Downloading 5.243MB
 6b97080db618 Downloading 5.243MB
 506bcb676d56 Downloading 3.146MB
 bb5107df7baa Downloading 4.194MB
 8b565c834d59 Downloading 5.243MB
 1201b5e78267 Downloading 14.68MB
 6b97080db618 Downloading 5.243MB
 506bcb676d56 Downloading 3.146MB
 bb5107df7baa Downloading 4.194MB
 8b565c834d59 Downloading 5.243MB
 1201b5e78267 Downloading 14.68MB
 1201b5e78267 Downloading 14.68MB
 6b97080db618 Downloading 5.243MB
 506bcb676d56 Downloading 3.146MB
 bb5107df7baa Downloading 4.194MB
 8b565c834d59 Downloading 6.17MB
 8b565c834d59 Download complete 0B
 1201b5e78267 Downloading 14.68MB
 6b97080db618 Downloading 5.243MB
 506bcb676d56 Downloading 3.146MB
 bb5107df7baa Downloading 4.194MB
 506bcb676d56 Downloading 3.146MB
 bb5107df7baa Downloading 4.194MB
 1201b5e78267 Downloading 14.68MB
 6b97080db618 Downloading 5.243MB
 6b97080db618 Downloading 5.243MB
 506bcb676d56 Downloading 3.146MB
 bb5107df7baa Downloading 4.194MB
 1201b5e78267 Downloading 14.68MB
 1201b5e78267 Downloading 15.71MB
 6b97080db618 Downloading 6.291MB
 506bcb676d56 Downloading 3.146MB
 bb5107df7baa Downloading 4.194MB
 6b97080db618 Downloading 6.291MB
 506bcb676d56 Downloading 3.146MB
 bb5107df7baa Downloading 4.194MB
 1201b5e78267 Download complete 0B
 506bcb676d56 Downloading 3.146MB
 bb5107df7baa Downloading 4.194MB
 6b97080db618 Downloading 6.291MB
 bb5107df7baa Downloading 4.194MB
 6b97080db618 Downloading 6.291MB
 506bcb676d56 Downloading 3.146MB
 6b97080db618 Downloading 6.291MB
 506bcb676d56 Downloading 3.146MB
 bb5107df7baa Downloading 4.194MB
 6b97080db618 Downloading 6.291MB
 506bcb676d56 Downloading 3.146MB
 bb5107df7baa Downloading 4.194MB
 6b97080db618 Downloading 6.291MB
 506bcb676d56 Downloading 3.146MB
 bb5107df7baa Downloading 4.194MB
 bb5107df7baa Downloading 4.194MB
 6b97080db618 Downloading 6.291MB
 506bcb676d56 Downloading 3.146MB
 bb5107df7baa Downloading 4.194MB
 6b97080db618 Downloading 6.291MB
 506bcb676d56 Downloading 3.146MB
 bb5107df7baa Downloading 5.243MB
 6b97080db618 Downloading 6.291MB
 506bcb676d56 Downloading 3.146MB
 6b97080db618 Downloading 6.291MB
 506bcb676d56 Downloading 3.146MB
 bb5107df7baa Downloading 5.243MB
 6b97080db618 Downloading 6.291MB
 506bcb676d56 Downloading 3.146MB
 bb5107df7baa Downloading 5.243MB
 6b97080db618 Downloading 6.291MB
 506bcb676d56 Downloading 3.146MB
 bb5107df7baa Downloading 5.243MB
 6b97080db618 Downloading 6.291MB
 506bcb676d56 Downloading 3.146MB
 bb5107df7baa Downloading 5.243MB
 506bcb676d56 Downloading 3.146MB
 bb5107df7baa Downloading 5.243MB
 6b97080db618 Downloading 6.291MB
 6b97080db618 Downloading 7.34MB
 506bcb676d56 Downloading 3.146MB
 bb5107df7baa Downloading 5.243MB
 6b97080db618 Downloading 7.34MB
 506bcb676d56 Downloading 3.146MB
 bb5107df7baa Downloading 5.243MB
 6b97080db618 Downloading 7.34MB
 506bcb676d56 Downloading 3.146MB
 bb5107df7baa Downloading 5.243MB
 6b97080db618 Downloading 7.34MB
 506bcb676d56 Downloading 3.146MB
 bb5107df7baa Downloading 5.243MB
 6b97080db618 Downloading 7.34MB
 506bcb676d56 Downloading 3.146MB
 bb5107df7baa Downloading 5.243MB
 6b97080db618 Downloading 7.34MB
 506bcb676d56 Downloading 4.194MB
 bb5107df7baa Downloading 6.291MB
 6b97080db618 Downloading 7.34MB
 506bcb676d56 Downloading 4.194MB
 bb5107df7baa Downloading 6.291MB
 506bcb676d56 Downloading 4.194MB
 bb5107df7baa Downloading 6.291MB
 6b97080db618 Downloading 7.34MB
 6b97080db618 Downloading 7.34MB
 506bcb676d56 Downloading 4.194MB
 bb5107df7baa Downloading 6.291MB
 6b97080db618 Downloading 7.34MB
 506bcb676d56 Downloading 4.194MB
 bb5107df7baa Downloading 6.291MB
 6b97080db618 Downloading 7.34MB
 506bcb676d56 Downloading 4.194MB
 bb5107df7baa Downloading 6.291MB
 6b97080db618 Downloading 8.389MB
 506bcb676d56 Downloading 4.194MB
 bb5107df7baa Downloading 6.291MB
 6b97080db618 Downloading 8.389MB
 506bcb676d56 Downloading 4.194MB
 bb5107df7baa Downloading 6.291MB
 6b97080db618 Downloading 8.389MB
 506bcb676d56 Downloading 4.194MB
 bb5107df7baa Downloading 6.291MB
 506bcb676d56 Downloading 4.194MB
 bb5107df7baa Downloading 6.291MB
 6b97080db618 Downloading 8.389MB
 6b97080db618 Downloading 8.389MB
 506bcb676d56 Downloading 4.194MB
 bb5107df7baa Downloading 6.291MB
 6b97080db618 Downloading 8.389MB
 506bcb676d56 Downloading 4.194MB
 bb5107df7baa Downloading 7.34MB
 6b97080db618 Downloading 8.389MB
 506bcb676d56 Downloading 4.194MB
 bb5107df7baa Downloading 7.34MB
 6b97080db618 Downloading 8.389MB
 506bcb676d56 Downloading 4.194MB
 bb5107df7baa Downloading 7.34MB
 6b97080db618 Downloading 8.389MB
 506bcb676d56 Downloading 4.194MB
 bb5107df7baa Downloading 7.34MB
 bb5107df7baa Downloading 7.34MB
 6b97080db618 Downloading 8.389MB
 506bcb676d56 Downloading 4.194MB
 6b97080db618 Downloading 8.389MB
 506bcb676d56 Downloading 4.194MB
 bb5107df7baa Downloading 7.34MB
 6b97080db618 Downloading 9.437MB
 506bcb676d56 Downloading 4.194MB
 bb5107df7baa Downloading 7.34MB
 6b97080db618 Downloading 9.437MB
 506bcb676d56 Downloading 4.194MB
 bb5107df7baa Downloading 7.34MB
 6b97080db618 Downloading 9.437MB
 506bcb676d56 Downloading 5.243MB
 bb5107df7baa Downloading 7.34MB
 6b97080db618 Downloading 9.437MB
 506bcb676d56 Downloading 5.243MB
 bb5107df7baa Downloading 7.34MB
 6b97080db618 Downloading 9.437MB
 506bcb676d56 Downloading 5.243MB
 bb5107df7baa Downloading 7.34MB
 506bcb676d56 Downloading 5.243MB
 bb5107df7baa Downloading 7.34MB
 6b97080db618 Downloading 9.437MB
 6b97080db618 Downloading 9.437MB
 506bcb676d56 Downloading 5.243MB
 bb5107df7baa Downloading 7.34MB
 bb5107df7baa Downloading 7.34MB
 6b97080db618 Downloading 9.437MB
 506bcb676d56 Downloading 5.243MB
 6b97080db618 Downloading 9.437MB
 506bcb676d56 Downloading 5.243MB
 bb5107df7baa Downloading 7.34MB
 506bcb676d56 Downloading 5.243MB
 bb5107df7baa Downloading 7.34MB
 6b97080db618 Downloading 10.49MB
 6b97080db618 Downloading 10.49MB
 506bcb676d56 Downloading 5.243MB
 bb5107df7baa Downloading 8.389MB
 506bcb676d56 Downloading 5.243MB
 bb5107df7baa Downloading 8.389MB
 6b97080db618 Downloading 10.49MB
 bb5107df7baa Downloading 8.389MB
 6b97080db618 Downloading 10.49MB
 506bcb676d56 Downloading 5.243MB
 bb5107df7baa Downloading 8.389MB
 6b97080db618 Downloading 10.49MB
 506bcb676d56 Downloading 5.243MB
 506bcb676d56 Downloading 5.243MB
 bb5107df7baa Downloading 8.389MB
 6b97080db618 Downloading 10.49MB
 6b97080db618 Downloading 10.49MB
 506bcb676d56 Downloading 6.291MB
 bb5107df7baa Downloading 8.389MB
 bb5107df7baa Downloading 8.389MB
 6b97080db618 Downloading 10.49MB
 506bcb676d56 Downloading 6.291MB
 6b97080db618 Downloading 11.53MB
 506bcb676d56 Downloading 6.291MB
 bb5107df7baa Downloading 8.389MB
 6b97080db618 Downloading 11.53MB
 506bcb676d56 Downloading 6.291MB
 bb5107df7baa Downloading 9.437MB
 6b97080db618 Downloading 11.53MB
 506bcb676d56 Downloading 6.291MB
 bb5107df7baa Downloading 9.437MB
 6b97080db618 Downloading 11.53MB
 506bcb676d56 Downloading 6.291MB
 bb5107df7baa Downloading 9.437MB
 6b97080db618 Downloading 11.53MB
 506bcb676d56 Downloading 6.291MB
 bb5107df7baa Downloading 9.437MB
 6b97080db618 Downloading 11.53MB
 506bcb676d56 Downloading 6.291MB
 bb5107df7baa Downloading 9.437MB
 6b97080db618 Downloading 11.53MB
 506bcb676d56 Downloading 6.291MB
 bb5107df7baa Downloading 9.437MB
 bb5107df7baa Downloading 9.437MB
 6b97080db618 Downloading 12.58MB
 506bcb676d56 Downloading 7.34MB
 506bcb676d56 Downloading 7.34MB
 bb5107df7baa Downloading 10.49MB
 6b97080db618 Downloading 12.58MB
 6b97080db618 Downloading 12.58MB
 506bcb676d56 Downloading 7.34MB
 bb5107df7baa Downloading 10.49MB
 6b97080db618 Downloading 12.58MB
 506bcb676d56 Downloading 7.34MB
 bb5107df7baa Downloading 10.49MB
 bb5107df7baa Downloading 10.49MB
 6b97080db618 Downloading 12.58MB
 506bcb676d56 Downloading 7.34MB
 6b97080db618 Downloading 12.58MB
 506bcb676d56 Downloading 7.34MB
 bb5107df7baa Downloading 10.49MB
 6b97080db618 Downloading 13.63MB
 506bcb676d56 Downloading 7.34MB
 bb5107df7baa Downloading 10.49MB
 bb5107df7baa Downloading 11.53MB
 6b97080db618 Downloading 13.63MB
 506bcb676d56 Downloading 7.34MB
 6b97080db618 Downloading 13.63MB
 506bcb676d56 Downloading 7.34MB
 bb5107df7baa Downloading 11.53MB
 506bcb676d56 Downloading 8.389MB
 bb5107df7baa Downloading 11.53MB
 6b97080db618 Downloading 13.63MB
 506bcb676d56 Downloading 8.389MB
 bb5107df7baa Downloading 11.53MB
 6b97080db618 Downloading 13.63MB
 506bcb676d56 Downloading 8.389MB
 bb5107df7baa Downloading 11.53MB
 6b97080db618 Downloading 13.63MB
 bb5107df7baa Downloading 11.53MB
 6b97080db618 Downloading 13.63MB
 506bcb676d56 Downloading 8.389MB
 bb5107df7baa Downloading 11.53MB
 6b97080db618 Downloading 13.63MB
 506bcb676d56 Downloading 8.389MB
 6b97080db618 Downloading 13.63MB
 506bcb676d56 Downloading 8.389MB
 bb5107df7baa Downloading 11.53MB
 6b97080db618 Downloading 14.68MB
 506bcb676d56 Downloading 8.389MB
 bb5107df7baa Downloading 11.53MB
 6b97080db618 Downloading 14.68MB
 506bcb676d56 Downloading 8.389MB
 bb5107df7baa Downloading 11.53MB
 506bcb676d56 Downloading 8.389MB
 bb5107df7baa Downloading 12.58MB
 6b97080db618 Downloading 14.68MB
 506bcb676d56 Downloading 9.437MB
 bb5107df7baa Downloading 12.58MB
 6b97080db618 Downloading 14.68MB
 6b97080db618 Downloading 14.68MB
 506bcb676d56 Downloading 9.437MB
 bb5107df7baa Downloading 12.58MB
 6b97080db618 Downloading 14.68MB
 506bcb676d56 Downloading 9.437MB
 bb5107df7baa Downloading 12.58MB
 6b97080db618 Downloading 14.68MB
 506bcb676d56 Downloading 9.437MB
 bb5107df7baa Downloading 12.58MB
 506bcb676d56 Downloading 9.437MB
 bb5107df7baa Downloading 12.58MB
 6b97080db618 Downloading 14.68MB
 6b97080db618 Downloading 15.73MB
 506bcb676d56 Downloading 9.437MB
 bb5107df7baa Downloading 12.58MB
 506bcb676d56 Downloading 9.437MB
 bb5107df7baa Downloading 12.58MB
 6b97080db618 Downloading 15.73MB
 506bcb676d56 Downloading 9.437MB
 bb5107df7baa Downloading 12.58MB
 6b97080db618 Downloading 15.73MB
 506bcb676d56 Downloading 9.437MB
 bb5107df7baa Downloading 13.63MB
 6b97080db618 Downloading 15.73MB
 6b97080db618 Downloading 15.73MB
 506bcb676d56 Downloading 9.437MB
 bb5107df7baa Downloading 13.63MB
 bb5107df7baa Downloading 13.63MB
 6b97080db618 Downloading 15.73MB
 506bcb676d56 Downloading 10.49MB
 6b97080db618 Downloading 15.73MB
 506bcb676d56 Downloading 10.49MB
 bb5107df7baa Downloading 13.63MB
 6b97080db618 Downloading 15.73MB
 506bcb676d56 Downloading 10.49MB
 bb5107df7baa Downloading 13.63MB
 506bcb676d56 Downloading 10.49MB
 bb5107df7baa Downloading 13.63MB
 6b97080db618 Downloading 15.73MB
 6b97080db618 Downloading 15.73MB
 506bcb676d56 Downloading 10.49MB
 bb5107df7baa Downloading 13.63MB
 6b97080db618 Downloading 16.78MB
 506bcb676d56 Downloading 10.49MB
 bb5107df7baa Downloading 13.63MB
 6b97080db618 Downloading 16.78MB
 506bcb676d56 Downloading 10.49MB
 bb5107df7baa Downloading 13.63MB
 506bcb676d56 Downloading 10.49MB
 bb5107df7baa Downloading 13.63MB
 6b97080db618 Downloading 16.78MB
 6b97080db618 Downloading 16.78MB
 506bcb676d56 Downloading 10.49MB
 bb5107df7baa Downloading 13.63MB
 bb5107df7baa Downloading 13.63MB
 6b97080db618 Downloading 16.78MB
 506bcb676d56 Downloading 10.49MB
 6b97080db618 Downloading 16.78MB
 506bcb676d56 Downloading 10.49MB
 bb5107df7baa Downloading 13.63MB
 6b97080db618 Downloading 16.78MB
 506bcb676d56 Downloading 10.49MB
 bb5107df7baa Downloading 14.68MB
 506bcb676d56 Downloading 10.49MB
 bb5107df7baa Downloading 14.68MB
 6b97080db618 Downloading 16.78MB
 6b97080db618 Downloading 16.78MB
 506bcb676d56 Downloading 10.49MB
 bb5107df7baa Downloading 14.68MB
 bb5107df7baa Downloading 14.68MB
 6b97080db618 Downloading 16.78MB
 506bcb676d56 Downloading 11.53MB
 6b97080db618 Downloading 16.78MB
 506bcb676d56 Downloading 11.53MB
 bb5107df7baa Downloading 14.68MB
 6b97080db618 Downloading 16.78MB
 506bcb676d56 Downloading 11.53MB
 bb5107df7baa Downloading 14.68MB
 6b97080db618 Downloading 16.78MB
 506bcb676d56 Downloading 11.53MB
 bb5107df7baa Downloading 14.68MB
 6b97080db618 Downloading 16.78MB
 506bcb676d56 Downloading 11.53MB
 bb5107df7baa Downloading 14.68MB
 6b97080db618 Downloading 16.78MB
 506bcb676d56 Downloading 11.53MB
 bb5107df7baa Downloading 14.68MB
 6b97080db618 Downloading 17.83MB
 506bcb676d56 Downloading 11.53MB
 bb5107df7baa Downloading 14.68MB
 6b97080db618 Downloading 17.83MB
 506bcb676d56 Downloading 11.53MB
 bb5107df7baa Downloading 15.73MB
 6b97080db618 Downloading 17.83MB
 506bcb676d56 Downloading 11.53MB
 bb5107df7baa Downloading 15.73MB
 6b97080db618 Downloading 17.83MB
 506bcb676d56 Downloading 11.53MB
 bb5107df7baa Downloading 15.73MB
 6b97080db618 Downloading 17.83MB
 506bcb676d56 Downloading 11.53MB
 bb5107df7baa Downloading 15.73MB
 6b97080db618 Downloading 17.83MB
 506bcb676d56 Downloading 11.53MB
 bb5107df7baa Downloading 15.73MB
 6b97080db618 Downloading 17.83MB
 506bcb676d56 Downloading 11.53MB
 bb5107df7baa Downloading 15.73MB
 bb5107df7baa Downloading 15.73MB
 6b97080db618 Downloading 17.83MB
 506bcb676d56 Downloading 11.53MB
 6b97080db618 Downloading 17.83MB
 506bcb676d56 Downloading 11.53MB
 bb5107df7baa Downloading 15.73MB
 6b97080db618 Downloading 17.83MB
 506bcb676d56 Downloading 12.58MB
 bb5107df7baa Downloading 15.73MB
 6b97080db618 Downloading 18.87MB
 506bcb676d56 Downloading 12.58MB
 bb5107df7baa Downloading 15.73MB
 506bcb676d56 Downloading 12.58MB
 bb5107df7baa Downloading 15.73MB
 6b97080db618 Downloading 18.87MB
 6b97080db618 Downloading 18.87MB
 506bcb676d56 Downloading 12.58MB
 bb5107df7baa Downloading 15.73MB
 6b97080db618 Downloading 18.87MB
 506bcb676d56 Downloading 12.58MB
 bb5107df7baa Downloading 15.73MB
 bb5107df7baa Downloading 16.78MB
 6b97080db618 Downloading 18.87MB
 506bcb676d56 Downloading 12.58MB
 506bcb676d56 Downloading 12.58MB
 bb5107df7baa Downloading 16.78MB
 6b97080db618 Downloading 18.87MB
 bb5107df7baa Downloading 16.78MB
 6b97080db618 Downloading 18.87MB
 506bcb676d56 Downloading 12.58MB
 bb5107df7baa Downloading 16.78MB
 6b97080db618 Downloading 18.87MB
 506bcb676d56 Downloading 12.58MB
 506bcb676d56 Downloading 12.58MB
 bb5107df7baa Downloading 16.78MB
 6b97080db618 Downloading 18.87MB
 bb5107df7baa Downloading 16.78MB
 6b97080db618 Downloading 18.87MB
 506bcb676d56 Downloading 12.58MB
 6b97080db618 Downloading 19.92MB
 506bcb676d56 Downloading 12.58MB
 bb5107df7baa Downloading 16.78MB
 6b97080db618 Downloading 19.92MB
 506bcb676d56 Downloading 12.58MB
 bb5107df7baa Downloading 16.78MB
 6b97080db618 Downloading 19.92MB
 506bcb676d56 Downloading 12.58MB
 bb5107df7baa Downloading 16.78MB
 6b97080db618 Downloading 19.92MB
 506bcb676d56 Downloading 13.63MB
 bb5107df7baa Downloading 17.83MB
 506bcb676d56 Downloading 13.63MB
 bb5107df7baa Downloading 17.83MB
 6b97080db618 Downloading 19.92MB
 506bcb676d56 Downloading 13.63MB
 bb5107df7baa Downloading 17.83MB
 6b97080db618 Downloading 19.92MB
 506bcb676d56 Downloading 13.63MB
 bb5107df7baa Downloading 17.83MB
 6b97080db618 Downloading 19.92MB
 bb5107df7baa Downloading 17.83MB
 6b97080db618 Downloading 19.92MB
 506bcb676d56 Downloading 13.63MB
 506bcb676d56 Downloading 13.63MB
 bb5107df7baa Downloading 17.83MB
 6b97080db618 Downloading 19.92MB
 6b97080db618 Downloading 20.97MB
 506bcb676d56 Downloading 13.63MB
 bb5107df7baa Downloading 17.83MB
 6b97080db618 Downloading 20.97MB
 506bcb676d56 Downloading 13.63MB
 bb5107df7baa Downloading 17.83MB
 6b97080db618 Downloading 20.97MB
 506bcb676d56 Downloading 13.63MB
 bb5107df7baa Downloading 17.83MB
 6b97080db618 Downloading 20.97MB
 506bcb676d56 Downloading 13.63MB
 bb5107df7baa Downloading 18.87MB
 506bcb676d56 Downloading 13.63MB
 bb5107df7baa Downloading 18.87MB
 6b97080db618 Downloading 20.97MB
 6b97080db618 Downloading 20.97MB
 506bcb676d56 Downloading 13.63MB
 bb5107df7baa Downloading 18.87MB
 6b97080db618 Downloading 20.97MB
 506bcb676d56 Downloading 13.63MB
 bb5107df7baa Downloading 18.87MB
 6b97080db618 Downloading 20.97MB
 506bcb676d56 Downloading 14.68MB
 bb5107df7baa Downloading 18.87MB
 6b97080db618 Downloading 20.97MB
 506bcb676d56 Downloading 14.68MB
 bb5107df7baa Downloading 18.87MB
 506bcb676d56 Downloading 14.68MB
 bb5107df7baa Downloading 18.87MB
 6b97080db618 Downloading 22.02MB
 506bcb676d56 Downloading 14.68MB
 bb5107df7baa Downloading 18.87MB
 6b97080db618 Downloading 22.02MB
 6b97080db618 Downloading 22.02MB
 506bcb676d56 Downloading 14.68MB
 bb5107df7baa Downloading 19.92MB
 6b97080db618 Downloading 22.02MB
 506bcb676d56 Downloading 14.68MB
 bb5107df7baa Downloading 19.92MB
 bb5107df7baa Downloading 19.92MB
 6b97080db618 Downloading 22.02MB
 506bcb676d56 Downloading 14.68MB
 506bcb676d56 Downloading 14.68MB
 bb5107df7baa Downloading 19.92MB
 6b97080db618 Downloading 22.02MB
 6b97080db618 Downloading 22.02MB
 506bcb676d56 Downloading 14.68MB
 bb5107df7baa Downloading 19.92MB
 6b97080db618 Downloading 22.02MB
 506bcb676d56 Downloading 14.68MB
 bb5107df7baa Downloading 19.92MB
 6b97080db618 Downloading 23.07MB
 506bcb676d56 Downloading 14.68MB
 bb5107df7baa Downloading 19.92MB
 6b97080db618 Downloading 23.07MB
 506bcb676d56 Downloading 15.73MB
 bb5107df7baa Downloading 19.92MB
 506bcb676d56 Downloading 15.73MB
 bb5107df7baa Downloading 19.92MB
 6b97080db618 Downloading 23.07MB
 6b97080db618 Downloading 23.07MB
 506bcb676d56 Downloading 15.73MB
 bb5107df7baa Downloading 20.97MB
 506bcb676d56 Downloading 15.73MB
 bb5107df7baa Downloading 20.97MB
 6b97080db618 Downloading 23.07MB
 6b97080db618 Downloading 23.07MB
 506bcb676d56 Downloading 15.73MB
 bb5107df7baa Downloading 20.97MB
 506bcb676d56 Downloading 15.73MB
 bb5107df7baa Downloading 20.97MB
 6b97080db618 Downloading 23.07MB
 6b97080db618 Downloading 23.07MB
 506bcb676d56 Downloading 15.73MB
 bb5107df7baa Downloading 20.97MB
 506bcb676d56 Downloading 15.73MB
 bb5107df7baa Downloading 20.97MB
 6b97080db618 Downloading 23.07MB
 6b97080db618 Downloading 24.12MB
 506bcb676d56 Downloading 15.73MB
 bb5107df7baa Downloading 20.97MB
 6b97080db618 Downloading 24.12MB
 506bcb676d56 Downloading 16.78MB
 bb5107df7baa Downloading 20.97MB
 6b97080db618 Downloading 24.12MB
 506bcb676d56 Downloading 16.78MB
 bb5107df7baa Downloading 20.97MB
 6b97080db618 Downloading 24.12MB
 506bcb676d56 Downloading 16.78MB
 bb5107df7baa Downloading 20.97MB
 506bcb676d56 Downloading 16.78MB
 bb5107df7baa Downloading 20.97MB
 6b97080db618 Downloading 24.12MB
 bb5107df7baa Downloading 22.02MB
 6b97080db618 Downloading 24.12MB
 506bcb676d56 Downloading 16.78MB
 506bcb676d56 Downloading 16.78MB
 bb5107df7baa Downloading 22.02MB
 6b97080db618 Downloading 24.12MB
 6b97080db618 Downloading 24.12MB
 506bcb676d56 Downloading 16.78MB
 bb5107df7baa Downloading 22.02MB
 6b97080db618 Downloading 25.17MB
 506bcb676d56 Downloading 16.78MB
 bb5107df7baa Downloading 22.02MB
 6b97080db618 Downloading 25.17MB
 506bcb676d56 Downloading 16.78MB
 bb5107df7baa Downloading 22.02MB
 6b97080db618 Downloading 25.17MB
 506bcb676d56 Downloading 16.78MB
 bb5107df7baa Downloading 22.02MB
 6b97080db618 Downloading 25.17MB
 506bcb676d56 Downloading 16.78MB
 bb5107df7baa Downloading 22.02MB
 6b97080db618 Downloading 25.17MB
 506bcb676d56 Downloading 16.78MB
 bb5107df7baa Downloading 22.02MB
 506bcb676d56 Downloading 17.83MB
 bb5107df7baa Downloading 22.02MB
 6b97080db618 Downloading 25.17MB
 6b97080db618 Downloading 25.17MB
 506bcb676d56 Downloading 17.83MB
 bb5107df7baa Downloading 22.02MB
 6b97080db618 Downloading 25.17MB
 506bcb676d56 Downloading 17.83MB
 bb5107df7baa Downloading 22.02MB
 506bcb676d56 Downloading 17.83MB
 bb5107df7baa Downloading 22.02MB
 6b97080db618 Downloading 25.17MB
 6b97080db618 Downloading 25.17MB
 506bcb676d56 Downloading 17.83MB
 bb5107df7baa Downloading 23.07MB
 6b97080db618 Downloading 26.21MB
 506bcb676d56 Downloading 17.83MB
 bb5107df7baa Downloading 23.07MB
 6b97080db618 Downloading 26.21MB
 506bcb676d56 Downloading 17.83MB
 bb5107df7baa Downloading 23.07MB
 6b97080db618 Downloading 26.21MB
 506bcb676d56 Downloading 17.83MB
 bb5107df7baa Downloading 23.07MB
 6b97080db618 Downloading 26.21MB
 506bcb676d56 Downloading 17.83MB
 bb5107df7baa Downloading 23.07MB
 bb5107df7baa Downloading 23.07MB
 6b97080db618 Downloading 26.21MB
 506bcb676d56 Downloading 17.83MB
 6b97080db618 Downloading 26.21MB
 506bcb676d56 Downloading 17.83MB
 bb5107df7baa Downloading 23.07MB
 bb5107df7baa Downloading 23.07MB
 6b97080db618 Downloading 26.21MB
 506bcb676d56 Downloading 17.83MB
 506bcb676d56 Downloading 18.87MB
 bb5107df7baa Downloading 23.07MB
 6b97080db618 Downloading 26.21MB
 6b97080db618 Downloading 27.26MB
 506bcb676d56 Downloading 18.87MB
 bb5107df7baa Downloading 23.07MB
 506bcb676d56 Downloading 18.87MB
 bb5107df7baa Downloading 24.12MB
 6b97080db618 Downloading 27.26MB
 6b97080db618 Downloading 27.26MB
 506bcb676d56 Downloading 18.87MB
 bb5107df7baa Downloading 24.12MB
 6b97080db618 Downloading 27.26MB
 506bcb676d56 Downloading 18.87MB
 bb5107df7baa Downloading 24.12MB
 6b97080db618 Downloading 27.26MB
 506bcb676d56 Downloading 18.87MB
 bb5107df7baa Downloading 24.12MB
 506bcb676d56 Downloading 18.87MB
 bb5107df7baa Downloading 24.12MB
 6b97080db618 Downloading 27.26MB
 bb5107df7baa Downloading 24.12MB
 6b97080db618 Downloading 27.26MB
 506bcb676d56 Downloading 18.87MB
 6b97080db618 Downloading 27.26MB
 506bcb676d56 Downloading 18.87MB
 bb5107df7baa Downloading 24.12MB
 506bcb676d56 Downloading 18.87MB
 bb5107df7baa Downloading 24.12MB
 6b97080db618 Downloading 28.31MB
 6b97080db618 Downloading 28.31MB
 506bcb676d56 Downloading 18.87MB
 bb5107df7baa Downloading 24.12MB
 bb5107df7baa Downloading 25.17MB
 6b97080db618 Downloading 28.31MB
 506bcb676d56 Downloading 19.92MB
 6b97080db618 Downloading 28.31MB
 506bcb676d56 Downloading 19.92MB
 bb5107df7baa Downloading 25.17MB
 506bcb676d56 Downloading 19.92MB
 bb5107df7baa Downloading 25.17MB
 6b97080db618 Downloading 28.31MB
 6b97080db618 Downloading 28.31MB
 506bcb676d56 Downloading 19.92MB
 bb5107df7baa Downloading 25.17MB
 506bcb676d56 Downloading 19.92MB
 bb5107df7baa Downloading 25.17MB
 6b97080db618 Downloading 28.31MB
 6b97080db618 Downloading 28.31MB
 506bcb676d56 Downloading 19.92MB
 bb5107df7baa Downloading 25.17MB
 6b97080db618 Downloading 28.31MB
 506bcb676d56 Downloading 19.92MB
 bb5107df7baa Downloading 25.17MB
 506bcb676d56 Downloading 19.92MB
 bb5107df7baa Downloading 25.17MB
 6b97080db618 Downloading 29.36MB
 6b97080db618 Downloading 29.36MB
 506bcb676d56 Downloading 19.92MB
 bb5107df7baa Downloading 25.17MB
 bb5107df7baa Downloading 25.17MB
 6b97080db618 Downloading 29.36MB
 506bcb676d56 Downloading 19.92MB
 506bcb676d56 Downloading 19.92MB
 bb5107df7baa Downloading 25.17MB
 6b97080db618 Downloading 29.36MB
 6b97080db618 Downloading 29.36MB
 506bcb676d56 Downloading 19.92MB
 bb5107df7baa Downloading 25.17MB
 6b97080db618 Downloading 29.36MB
 506bcb676d56 Downloading 19.92MB
 bb5107df7baa Downloading 26.21MB
 506bcb676d56 Downloading 19.92MB
 bb5107df7baa Downloading 26.21MB
 6b97080db618 Downloading 29.36MB
 6b97080db618 Downloading 29.36MB
 506bcb676d56 Downloading 20.97MB
 bb5107df7baa Downloading 26.21MB
 6b97080db618 Downloading 29.36MB
 506bcb676d56 Downloading 20.97MB
 bb5107df7baa Downloading 26.21MB
 6b97080db618 Downloading 29.36MB
 506bcb676d56 Downloading 20.97MB
 bb5107df7baa Downloading 26.21MB
 506bcb676d56 Downloading 20.97MB
 bb5107df7baa Downloading 26.21MB
 6b97080db618 Downloading 29.36MB
 6b97080db618 Downloading 29.36MB
 506bcb676d56 Downloading 20.97MB
 bb5107df7baa Downloading 26.21MB
 bb5107df7baa Downloading 26.21MB
 6b97080db618 Downloading 29.36MB
 506bcb676d56 Downloading 20.97MB
 506bcb676d56 Downloading 20.97MB
 bb5107df7baa Downloading 26.21MB
 6b97080db618 Downloading 29.86MB
 6b97080db618 Downloading 30.41MB
 506bcb676d56 Downloading 20.97MB
 bb5107df7baa Downloading 26.21MB
 506bcb676d56 Downloading 20.97MB
 bb5107df7baa Downloading 26.21MB
 6b97080db618 Downloading 30.41MB
 6b97080db618 Downloading 30.41MB
 506bcb676d56 Downloading 20.97MB
 bb5107df7baa Downloading 26.21MB
 6b97080db618 Downloading 30.41MB
 506bcb676d56 Downloading 20.97MB
 bb5107df7baa Downloading 26.21MB
 6b97080db618 Downloading 30.41MB
 506bcb676d56 Downloading 20.97MB
 bb5107df7baa Downloading 26.21MB
 6b97080db618 Downloading 30.41MB
 506bcb676d56 Downloading 20.97MB
 bb5107df7baa Downloading 26.21MB
 bb5107df7baa Downloading 26.21MB
 6b97080db618 Downloading 30.41MB
 506bcb676d56 Downloading 20.97MB
 6b97080db618 Downloading 30.41MB
 506bcb676d56 Downloading 20.97MB
 bb5107df7baa Downloading 26.21MB
 6b97080db618 Downloading 30.41MB
 506bcb676d56 Downloading 20.97MB
 bb5107df7baa Downloading 26.21MB
 506bcb676d56 Downloading 20.97MB
 bb5107df7baa Downloading 27.26MB
 6b97080db618 Downloading 30.41MB
 6b97080db618 Downloading 30.41MB
 506bcb676d56 Downloading 20.97MB
 bb5107df7baa Downloading 27.26MB
 6b97080db618 Downloading 30.41MB
 506bcb676d56 Downloading 20.97MB
 bb5107df7baa Downloading 27.26MB
 6b97080db618 Downloading 30.41MB
 506bcb676d56 Downloading 20.97MB
 bb5107df7baa Downloading 27.26MB
 6b97080db618 Downloading 31.3MB
 506bcb676d56 Downloading 20.97MB
 bb5107df7baa Downloading 27.26MB
 6b97080db618 Downloading 31.46MB
 506bcb676d56 Downloading 22.02MB
 bb5107df7baa Downloading 27.26MB
 6b97080db618 Downloading 31.46MB
 506bcb676d56 Downloading 22.02MB
 bb5107df7baa Downloading 27.26MB
 6b97080db618 Downloading 31.46MB
 506bcb676d56 Downloading 22.02MB
 bb5107df7baa Downloading 27.26MB
 506bcb676d56 Downloading 22.02MB
 bb5107df7baa Downloading 27.26MB
 6b97080db618 Downloading 31.46MB
 6b97080db618 Downloading 31.46MB
 506bcb676d56 Downloading 22.02MB
 bb5107df7baa Downloading 27.26MB
 6b97080db618 Downloading 31.46MB
 506bcb676d56 Downloading 22.02MB
 bb5107df7baa Downloading 27.26MB
 6b97080db618 Downloading 31.46MB
 506bcb676d56 Downloading 22.02MB
 bb5107df7baa Downloading 27.26MB
 6b97080db618 Downloading 31.46MB
 506bcb676d56 Downloading 22.02MB
 bb5107df7baa Downloading 27.26MB
 6b97080db618 Downloading 31.46MB
 506bcb676d56 Downloading 22.02MB
 bb5107df7baa Downloading 27.26MB
 6b97080db618 Downloading 31.46MB
 506bcb676d56 Downloading 22.02MB
 bb5107df7baa Downloading 28.31MB
 6b97080db618 Downloading 31.46MB
 506bcb676d56 Downloading 22.02MB
 bb5107df7baa Downloading 28.31MB
 6b97080db618 Downloading 32.51MB
 506bcb676d56 Downloading 22.02MB
 bb5107df7baa Downloading 28.31MB
 6b97080db618 Downloading 32.51MB
 506bcb676d56 Downloading 22.02MB
 bb5107df7baa Downloading 28.31MB
 506bcb676d56 Downloading 22.02MB
 bb5107df7baa Downloading 28.31MB
 6b97080db618 Downloading 32.51MB
 6b97080db618 Downloading 32.51MB
 506bcb676d56 Downloading 22.02MB
 bb5107df7baa Downloading 28.31MB
 506bcb676d56 Downloading 22.02MB
 bb5107df7baa Downloading 28.31MB
 6b97080db618 Downloading 32.51MB
 6b97080db618 Downloading 32.51MB
 506bcb676d56 Downloading 22.02MB
 bb5107df7baa Downloading 28.31MB
 bb5107df7baa Downloading 28.31MB
 6b97080db618 Downloading 32.51MB
 506bcb676d56 Downloading 22.02MB
 6b97080db618 Downloading 32.51MB
 506bcb676d56 Downloading 23.07MB
 bb5107df7baa Downloading 28.31MB
 6b97080db618 Downloading 32.51MB
 506bcb676d56 Downloading 23.07MB
 bb5107df7baa Downloading 28.31MB
 6b97080db618 Downloading 32.51MB
 506bcb676d56 Downloading 23.07MB
 bb5107df7baa Downloading 28.31MB
 6b97080db618 Downloading 32.51MB
 506bcb676d56 Downloading 23.07MB
 bb5107df7baa Downloading 28.31MB
 6b97080db618 Downloading 32.51MB
 506bcb676d56 Downloading 23.07MB
 bb5107df7baa Downloading 28.31MB
 6b97080db618 Downloading 32.51MB
 506bcb676d56 Downloading 23.07MB
 bb5107df7baa Downloading 28.31MB
 6b97080db618 Downloading 32.51MB
 506bcb676d56 Downloading 23.07MB
 bb5107df7baa Downloading 28.31MB
 6b97080db618 Downloading 32.51MB
 506bcb676d56 Downloading 23.07MB
 bb5107df7baa Downloading 28.31MB
 6b97080db618 Downloading 32.51MB
 506bcb676d56 Downloading 23.07MB
 bb5107df7baa Downloading 28.31MB
 6b97080db618 Downloading 32.51MB
 506bcb676d56 Downloading 23.07MB
 bb5107df7baa Downloading 28.31MB
 6b97080db618 Downloading 32.51MB
 506bcb676d56 Downloading 23.07MB
 bb5107df7baa Downloading 28.31MB
 6b97080db618 Downloading 32.51MB
 506bcb676d56 Downloading 23.07MB
 bb5107df7baa Downloading 28.31MB
 6b97080db618 Downloading 32.51MB
 506bcb676d56 Downloading 23.07MB
 bb5107df7baa Downloading 28.31MB
 6b97080db618 Downloading 32.51MB
 506bcb676d56 Downloading 23.07MB
 bb5107df7baa Downloading 28.31MB
 6b97080db618 Downloading 32.51MB
 506bcb676d56 Downloading 23.07MB
 bb5107df7baa Downloading 28.31MB
 6b97080db618 Downloading 32.51MB
 506bcb676d56 Downloading 23.07MB
 bb5107df7baa Downloading 29.36MB
 506bcb676d56 Downloading 23.07MB
 bb5107df7baa Downloading 29.36MB
 6b97080db618 Downloading 32.51MB
 6b97080db618 Downloading 32.51MB
 506bcb676d56 Downloading 23.07MB
 bb5107df7baa Downloading 29.36MB
 6b97080db618 Downloading 32.51MB
 506bcb676d56 Downloading 23.07MB
 bb5107df7baa Downloading 29.36MB
 506bcb676d56 Downloading 23.07MB
 bb5107df7baa Downloading 29.36MB
 6b97080db618 Downloading 32.51MB
 bb5107df7baa Downloading 29.36MB
 6b97080db618 Downloading 32.51MB
 506bcb676d56 Downloading 23.07MB
 6b97080db618 Downloading 32.51MB
 506bcb676d56 Downloading 23.07MB
 bb5107df7baa Downloading 29.36MB
 6b97080db618 Downloading 32.51MB
 506bcb676d56 Downloading 23.07MB
 bb5107df7baa Downloading 29.36MB
 506bcb676d56 Downloading 23.07MB
 bb5107df7baa Downloading 29.36MB
 6b97080db618 Downloading 32.51MB
 6b97080db618 Downloading 33.55MB
 506bcb676d56 Downloading 23.07MB
 bb5107df7baa Downloading 29.36MB
 6b97080db618 Downloading 33.55MB
 506bcb676d56 Downloading 23.07MB
 bb5107df7baa Downloading 29.36MB
 6b97080db618 Downloading 33.55MB
 506bcb676d56 Downloading 23.07MB
 bb5107df7baa Downloading 29.36MB
 506bcb676d56 Downloading 23.07MB
 bb5107df7baa Downloading 29.36MB
 6b97080db618 Downloading 33.55MB
 506bcb676d56 Downloading 23.07MB
 bb5107df7baa Downloading 29.36MB
 6b97080db618 Downloading 33.55MB
 6b97080db618 Downloading 33.55MB
 506bcb676d56 Downloading 23.07MB
 bb5107df7baa Downloading 29.36MB
 6b97080db618 Downloading 33.55MB
 506bcb676d56 Downloading 23.07MB
 bb5107df7baa Downloading 29.36MB
 6b97080db618 Downloading 33.55MB
 506bcb676d56 Downloading 23.07MB
 bb5107df7baa Downloading 29.36MB
 6b97080db618 Downloading 33.55MB
 506bcb676d56 Downloading 23.07MB
 bb5107df7baa Downloading 29.36MB
 6b97080db618 Downloading 33.55MB
 506bcb676d56 Downloading 23.07MB
 bb5107df7baa Downloading 29.36MB
 6b97080db618 Downloading 33.55MB
 506bcb676d56 Downloading 23.07MB
 bb5107df7baa Downloading 29.36MB
 6b97080db618 Downloading 33.55MB
 506bcb676d56 Downloading 23.07MB
 bb5107df7baa Downloading 29.36MB
 6b97080db618 Downloading 33.55MB
 506bcb676d56 Downloading 23.07MB
 bb5107df7baa Downloading 29.36MB
 506bcb676d56 Downloading 24.12MB
 bb5107df7baa Downloading 29.36MB
 6b97080db618 Downloading 33.55MB
 6b97080db618 Downloading 33.55MB
 506bcb676d56 Downloading 24.12MB
 bb5107df7baa Downloading 29.36MB
 6b97080db618 Downloading 33.55MB
 506bcb676d56 Downloading 24.12MB
 bb5107df7baa Downloading 29.36MB
 6b97080db618 Downloading 33.55MB
 506bcb676d56 Downloading 24.12MB
 bb5107df7baa Downloading 29.36MB
 6b97080db618 Downloading 33.55MB
 506bcb676d56 Downloading 24.12MB
 bb5107df7baa Downloading 29.36MB
 506bcb676d56 Downloading 24.12MB
 bb5107df7baa Downloading 29.36MB
 6b97080db618 Downloading 33.55MB
 6b97080db618 Downloading 33.55MB
 506bcb676d56 Downloading 24.12MB
 bb5107df7baa Downloading 29.36MB
 6b97080db618 Downloading 33.55MB
 506bcb676d56 Downloading 24.12MB
 bb5107df7baa Downloading 29.36MB
 506bcb676d56 Downloading 24.12MB
 bb5107df7baa Downloading 29.36MB
 6b97080db618 Downloading 33.55MB
 6b97080db618 Downloading 33.55MB
 506bcb676d56 Downloading 24.12MB
 bb5107df7baa Downloading 29.36MB
 bb5107df7baa Downloading 29.36MB
 6b97080db618 Downloading 33.55MB
 506bcb676d56 Downloading 24.12MB
 6b97080db618 Downloading 33.55MB
 506bcb676d56 Downloading 24.12MB
 bb5107df7baa Downloading 29.36MB
 bb5107df7baa Downloading 29.36MB
 6b97080db618 Downloading 33.55MB
 506bcb676d56 Downloading 24.12MB
 506bcb676d56 Downloading 24.12MB
 bb5107df7baa Downloading 29.36MB
 6b97080db618 Downloading 33.55MB
 bb5107df7baa Downloading 30.41MB
 6b97080db618 Downloading 33.55MB
 506bcb676d56 Downloading 24.12MB
 6b97080db618 Downloading 34.6MB
 506bcb676d56 Downloading 24.12MB
 bb5107df7baa Downloading 30.41MB
 6b97080db618 Downloading 34.6MB
 506bcb676d56 Downloading 24.12MB
 bb5107df7baa Downloading 30.41MB
 506bcb676d56 Downloading 24.12MB
 bb5107df7baa Downloading 30.41MB
 6b97080db618 Downloading 34.6MB
 6b97080db618 Downloading 34.6MB
 506bcb676d56 Downloading 25.17MB
 bb5107df7baa Downloading 30.41MB
 6b97080db618 Downloading 34.6MB
 506bcb676d56 Downloading 25.17MB
 bb5107df7baa Downloading 30.41MB
 6b97080db618 Downloading 34.6MB
 506bcb676d56 Downloading 25.17MB
 bb5107df7baa Downloading 30.41MB
 bb5107df7baa Downloading 31.46MB
 6b97080db618 Downloading 34.6MB
 506bcb676d56 Downloading 25.17MB
 6b97080db618 Downloading 35.65MB
 506bcb676d56 Downloading 25.17MB
 bb5107df7baa Downloading 31.46MB
 506bcb676d56 Downloading 26.21MB
 bb5107df7baa Downloading 31.46MB
 6b97080db618 Downloading 35.65MB
 6b97080db618 Downloading 35.65MB
 506bcb676d56 Downloading 26.21MB
 bb5107df7baa Downloading 31.46MB
 6b97080db618 Downloading 35.65MB
 506bcb676d56 Downloading 26.21MB
 bb5107df7baa Downloading 32.51MB
 6b97080db618 Downloading 36.7MB
 506bcb676d56 Downloading 26.21MB
 bb5107df7baa Downloading 32.51MB
 6b97080db618 Downloading 36.7MB
 506bcb676d56 Downloading 26.21MB
 bb5107df7baa Downloading 32.51MB
 6b97080db618 Downloading 36.7MB
 506bcb676d56 Downloading 27.26MB
 bb5107df7baa Downloading 33.55MB
 6b97080db618 Downloading 36.7MB
 506bcb676d56 Downloading 27.26MB
 bb5107df7baa Downloading 33.55MB
 6b97080db618 Downloading 37.75MB
 506bcb676d56 Downloading 27.26MB
 bb5107df7baa Downloading 33.55MB
 6b97080db618 Downloading 37.75MB
 506bcb676d56 Downloading 27.26MB
 bb5107df7baa Downloading 34.6MB
 6b97080db618 Downloading 37.75MB
 506bcb676d56 Downloading 28.31MB
 bb5107df7baa Downloading 34.6MB
 6b97080db618 Downloading 37.75MB
 506bcb676d56 Downloading 28.31MB
 bb5107df7baa Downloading 34.6MB
 6b97080db618 Downloading 38.8MB
 506bcb676d56 Downloading 28.31MB
 bb5107df7baa Downloading 34.6MB
 6b97080db618 Downloading 38.8MB
 506bcb676d56 Downloading 29.36MB
 bb5107df7baa Downloading 35.65MB
 bb5107df7baa Downloading 35.65MB
 6b97080db618 Downloading 38.8MB
 506bcb676d56 Downloading 29.36MB
 bb5107df7baa Downloading 35.65MB
 6b97080db618 Downloading 39.85MB
 506bcb676d56 Downloading 29.36MB
 506bcb676d56 Downloading 30.41MB
 bb5107df7baa Downloading 36.7MB
 6b97080db618 Downloading 39.85MB
 506bcb676d56 Downloading 30.41MB
 bb5107df7baa Downloading 36.7MB
 6b97080db618 Downloading 40.89MB
 6b97080db618 Downloading 40.89MB
 506bcb676d56 Downloading 30.41MB
 bb5107df7baa Downloading 37.75MB
 506bcb676d56 Downloading 30.41MB
 bb5107df7baa Downloading 37.75MB
 6b97080db618 Downloading 40.89MB
 6b97080db618 Downloading 40.89MB
 506bcb676d56 Downloading 30.41MB
 bb5107df7baa Downloading 37.75MB
 506bcb676d56 Downloading 31.46MB
 bb5107df7baa Downloading 37.75MB
 6b97080db618 Downloading 41.94MB
 6b97080db618 Downloading 41.94MB
 506bcb676d56 Downloading 31.46MB
 bb5107df7baa Downloading 38.8MB
 6b97080db618 Downloading 41.94MB
 506bcb676d56 Downloading 31.46MB
 bb5107df7baa Downloading 38.8MB
 506bcb676d56 Downloading 32.51MB
 bb5107df7baa Downloading 38.8MB
 6b97080db618 Downloading 41.94MB
 6b97080db618 Downloading 41.94MB
 506bcb676d56 Downloading 32.51MB
 bb5107df7baa Downloading 38.8MB
 6b97080db618 Downloading 42.99MB
 506bcb676d56 Downloading 32.51MB
 bb5107df7baa Downloading 39.85MB
 6b97080db618 Downloading 42.99MB
 506bcb676d56 Downloading 32.51MB
 bb5107df7baa Downloading 39.85MB
 6b97080db618 Downloading 42.99MB
 506bcb676d56 Downloading 32.51MB
 bb5107df7baa Downloading 39.85MB
 bb5107df7baa Downloading 39.85MB
 6b97080db618 Downloading 44.04MB
 506bcb676d56 Downloading 33.55MB
 6b97080db618 Downloading 44.04MB
 506bcb676d56 Downloading 33.55MB
 bb5107df7baa Downloading 39.85MB
 6b97080db618 Downloading 44.04MB
 506bcb676d56 Downloading 33.55MB
 bb5107df7baa Downloading 39.85MB
 6b97080db618 Downloading 44.04MB
 506bcb676d56 Downloading 33.55MB
 bb5107df7baa Downloading 40.89MB
 6b97080db618 Downloading 44.04MB
 506bcb676d56 Downloading 33.55MB
 bb5107df7baa Downloading 40.89MB
 506bcb676d56 Downloading 34.6MB
 bb5107df7baa Downloading 40.89MB
 6b97080db618 Downloading 44.56MB
 6b97080db618 Downloading 45.09MB
 506bcb676d56 Downloading 34.6MB
 bb5107df7baa Downloading 40.89MB
 bb5107df7baa Downloading 41.94MB
 6b97080db618 Downloading 45.09MB
 506bcb676d56 Downloading 34.6MB
 6b97080db618 Downloading 45.1MB
 506bcb676d56 Downloading 34.6MB
 bb5107df7baa Downloading 41.94MB
 bb5107df7baa Downloading 41.94MB
 6b97080db618 Downloading 46.14MB
 506bcb676d56 Downloading 35.65MB
 bb5107df7baa Downloading 41.94MB
 6b97080db618 Downloading 46.14MB
 506bcb676d56 Downloading 35.65MB
 6b97080db618 Downloading 46.14MB
 506bcb676d56 Downloading 35.65MB
 bb5107df7baa Downloading 41.94MB
 506bcb676d56 Downloading 35.65MB
 bb5107df7baa Downloading 42.99MB
 6b97080db618 Downloading 46.14MB
 bb5107df7baa Downloading 42.99MB
 6b97080db618 Downloading 46.14MB
 506bcb676d56 Downloading 35.65MB
 bb5107df7baa Downloading 42.99MB
 6b97080db618 Downloading 46.14MB
 506bcb676d56 Downloading 35.65MB
 506bcb676d56 Downloading 35.65MB
 bb5107df7baa Downloading 42.99MB
 6b97080db618 Downloading 46.14MB
 6b97080db618 Downloading 46.14MB
 506bcb676d56 Downloading 35.65MB
 bb5107df7baa Downloading 42.99MB
 6b97080db618 Downloading 46.14MB
 506bcb676d56 Downloading 35.65MB
 bb5107df7baa Downloading 42.99MB
 506bcb676d56 Downloading 36.7MB
 bb5107df7baa Downloading 42.99MB
 6b97080db618 Downloading 46.14MB
 6b97080db618 Downloading 46.14MB
 506bcb676d56 Downloading 36.7MB
 bb5107df7baa Downloading 42.99MB
 6b97080db618 Downloading 46.19MB
 506bcb676d56 Downloading 36.7MB
 bb5107df7baa Downloading 42.99MB
 6b97080db618 Downloading 47.19MB
 506bcb676d56 Downloading 36.7MB
 bb5107df7baa Downloading 42.99MB
 6b97080db618 Downloading 47.19MB
 506bcb676d56 Downloading 36.7MB
 bb5107df7baa Downloading 44.04MB
 6b97080db618 Downloading 47.19MB
 506bcb676d56 Downloading 36.7MB
 bb5107df7baa Downloading 44.04MB
 6b97080db618 Downloading 47.19MB
 506bcb676d56 Downloading 36.7MB
 bb5107df7baa Downloading 44.04MB
 6b97080db618 Downloading 48.23MB
 506bcb676d56 Downloading 37.75MB
 bb5107df7baa Downloading 44.04MB
 6b97080db618 Downloading 48.23MB
 506bcb676d56 Downloading 37.75MB
 bb5107df7baa Downloading 45.09MB
 6b97080db618 Downloading 48.23MB
 506bcb676d56 Downloading 37.75MB
 bb5107df7baa Downloading 45.09MB
 bb5107df7baa Downloading 45.09MB
 6b97080db618 Downloading 48.23MB
 506bcb676d56 Downloading 38.8MB
 6b97080db618 Downloading 49.28MB
 506bcb676d56 Downloading 38.8MB
 bb5107df7baa Downloading 46.14MB
 6b97080db618 Downloading 49.28MB
 506bcb676d56 Downloading 38.8MB
 bb5107df7baa Downloading 46.14MB
 6b97080db618 Downloading 49.28MB
 506bcb676d56 Downloading 38.8MB
 bb5107df7baa Downloading 46.14MB
 506bcb676d56 Downloading 39.85MB
 bb5107df7baa Downloading 46.14MB
 6b97080db618 Downloading 49.28MB
 506bcb676d56 Downloading 39.85MB
 bb5107df7baa Downloading 47.31MB
 6b97080db618 Downloading 50.33MB
 506bcb676d56 Downloading 39.85MB
 bb5107df7baa Download complete 0B
 6b97080db618 Downloading 50.33MB
 bb5107df7baa Extracting 1B
 6b97080db618 Downloading 50.33MB
 506bcb676d56 Downloading 40.89MB
 bb5107df7baa Extracting 1B
 6b97080db618 Downloading 51.38MB
 506bcb676d56 Downloading 40.89MB
 bb5107df7baa Extracting 1B
 6b97080db618 Downloading 51.38MB
 506bcb676d56 Downloading 40.89MB
 bb5107df7baa Extracting 1B
 506bcb676d56 Downloading 41.86MB
 6b97080db618 Downloading 51.38MB
 bb5107df7baa Extracting 1B
 6b97080db618 Downloading 52.32MB
 506bcb676d56 Downloading 41.94MB
 bb5107df7baa Extracting 1B
 6b97080db618 Downloading 52.43MB
 506bcb676d56 Downloading 41.94MB
 bb5107df7baa Extracting 1B
 6b97080db618 Downloading 52.43MB
 506bcb676d56 Downloading 42.99MB
 bb5107df7baa Extracting 1B
 6b97080db618 Downloading 53.1MB
 506bcb676d56 Downloading 42.99MB
 bb5107df7baa Extracting 1B
 6b97080db618 Downloading 53.48MB
 506bcb676d56 Downloading 43.48MB
 bb5107df7baa Extracting 1B
 6b97080db618 Downloading 53.48MB
 506bcb676d56 Downloading 44.04MB
 bb5107df7baa Extracting 1B
 506bcb676d56 Downloading 44.04MB
 6b97080db618 Downloading 54.53MB
 bb5107df7baa Extracting 2B
 6b97080db618 Downloading 54.53MB
 506bcb676d56 Downloading 45.09MB
 bb5107df7baa Extracting 2B
 6b97080db618 Downloading 55.57MB
 506bcb676d56 Downloading 45.09MB
 bb5107df7baa Extracting 2B
 6b97080db618 Downloading 55.57MB
 506bcb676d56 Downloading 46.14MB
 bb5107df7baa Extracting 2B
 6b97080db618 Downloading 56.62MB
 506bcb676d56 Downloading 46.78MB
 bb5107df7baa Extracting 2B
 6b97080db618 Downloading 56.62MB
 506bcb676d56 Downloading 47.19MB
 bb5107df7baa Extracting 2B
 6b97080db618 Downloading 56.62MB
 506bcb676d56 Downloading 47.19MB
 bb5107df7baa Extracting 2B
 6b97080db618 Downloading 56.62MB
 506bcb676d56 Downloading 47.19MB
 bb5107df7baa Extracting 2B
 6b97080db618 Downloading 57.67MB
 506bcb676d56 Downloading 48.23MB
 bb5107df7baa Extracting 2B
 6b97080db618 Downloading 57.67MB
 506bcb676d56 Downloading 48.23MB
 bb5107df7baa Extracting 2B
 6b97080db618 Downloading 57.67MB
 506bcb676d56 Downloading 48.23MB
 bb5107df7baa Extracting 3B
 506bcb676d56 Downloading 48.23MB
 6b97080db618 Downloading 57.67MB
 bb5107df7baa Extracting 3B
 6b97080db618 Downloading 58.72MB
 506bcb676d56 Downloading 49.28MB
 bb5107df7baa Extracting 3B
 6b97080db618 Downloading 58.72MB
 506bcb676d56 Downloading 49.28MB
 bb5107df7baa Extracting 3B
 6b97080db618 Downloading 58.72MB
 506bcb676d56 Downloading 49.28MB
 bb5107df7baa Extracting 3B
 6b97080db618 Downloading 58.72MB
 506bcb676d56 Downloading 49.28MB
 bb5107df7baa Extracting 3B
 6b97080db618 Downloading 58.72MB
 506bcb676d56 Downloading 49.28MB
 bb5107df7baa Extracting 3B
 6b97080db618 Downloading 58.72MB
 506bcb676d56 Downloading 50.33MB
 bb5107df7baa Extracting 3B
 6b97080db618 Downloading 58.72MB
 506bcb676d56 Downloading 50.33MB
 bb5107df7baa Extracting 3B
 6b97080db618 Downloading 59.77MB
 506bcb676d56 Downloading 50.33MB
 bb5107df7baa Extracting 4B
 6b97080db618 Downloading 59.77MB
 506bcb676d56 Downloading 50.33MB
 bb5107df7baa Extracting 4B
 6b97080db618 Downloading 59.77MB
 506bcb676d56 Downloading 51.36MB
 bb5107df7baa Extracting 4B
 506bcb676d56 Downloading 51.58MB
 6b97080db618 Downloading 59.77MB
 bb5107df7baa Extracting 4B
 6b97080db618 Downloading 60.09MB
 506bcb676d56 Downloading 51.58MB
 bb5107df7baa Extracting 4B
 506bcb676d56 Downloading 51.58MB
 6b97080db618 Downloading 60.82MB
 bb5107df7baa Extracting 4B
 6b97080db618 Downloading 60.82MB
 bb5107df7baa Extracting 4B
 6b97080db618 Downloading 60.82MB
 506bcb676d56 Download complete 0B
 bb5107df7baa Extracting 4B
 6b97080db618 Downloading 60.82MB
 bb5107df7baa Extracting 4B
 6b97080db618 Downloading 61.37MB
 bb5107df7baa Extracting 4B
 6b97080db618 Downloading 61.87MB
 bb5107df7baa Extracting 4B
 6b97080db618 Downloading 61.87MB
 bb5107df7baa Extracting 5B
 6b97080db618 Downloading 61.87MB
 bb5107df7baa Extracting 5B
 6b97080db618 Downloading 61.87MB
 bb5107df7baa Extracting 5B
 6b97080db618 Downloading 62.91MB
 bb5107df7baa Extracting 5B
 6b97080db618 Downloading 62.91MB
 bb5107df7baa Extracting 5B
 6b97080db618 Downloading 62.91MB
 bb5107df7baa Extracting 5B
 6b97080db618 Downloading 62.91MB
 bb5107df7baa Extracting 5B
 6b97080db618 Downloading 62.91MB
 bb5107df7baa Extracting 5B
 6b97080db618 Downloading 62.91MB
 bb5107df7baa Extracting 5B
 6b97080db618 Downloading 63.96MB
 bb5107df7baa Extracting 5B
 6b97080db618 Downloading 63.96MB
 bb5107df7baa Extracting 6B
 6b97080db618 Downloading 63.96MB
 bb5107df7baa Extracting 6B
 6b97080db618 Downloading 63.96MB
 bb5107df7baa Extracting 6B
 6b97080db618 Downloading 63.96MB
 bb5107df7baa Extracting 6B
 6b97080db618 Downloading 63.96MB
 bb5107df7baa Extracting 6B
 6b97080db618 Downloading 65.01MB
 bb5107df7baa Extracting 6B
 6b97080db618 Downloading 65.01MB
 bb5107df7baa Extracting 6B
 6b97080db618 Downloading 65.01MB
 bb5107df7baa Extracting 6B
 6b97080db618 Downloading 65.01MB
 bb5107df7baa Extracting 6B
 6b97080db618 Downloading 65.01MB
 bb5107df7baa Extracting 6B
 6b97080db618 Downloading 65.01MB
 bb5107df7baa Extracting 7B
 6b97080db618 Downloading 65.01MB
 bb5107df7baa Extracting 7B
 6b97080db618 Downloading 65.01MB
 bb5107df7baa Extracting 7B
 6b97080db618 Downloading 65.01MB
 bb5107df7baa Extracting 7B
 6b97080db618 Downloading 65.01MB
 bb5107df7baa Extracting 7B
 6b97080db618 Downloading 65.01MB
 bb5107df7baa Extracting 7B
 6b97080db618 Downloading 65.01MB
 bb5107df7baa Extracting 7B
 6b97080db618 Downloading 65.01MB
 bb5107df7baa Extracting 7B
 6b97080db618 Downloading 65.23MB
 bb5107df7baa Extracting 7B
 6b97080db618 Downloading 65.25MB
 bb5107df7baa Extracting 7B
 6b97080db618 Downloading 66.06MB
 bb5107df7baa Extracting 8B
 6b97080db618 Downloading 66.06MB
 bb5107df7baa Extracting 8B
 6b97080db618 Downloading 66.06MB
 bb5107df7baa Extracting 8B
 6b97080db618 Downloading 66.06MB
 bb5107df7baa Extracting 8B
 6b97080db618 Downloading 66.06MB
 bb5107df7baa Extracting 8B
 6b97080db618 Downloading 66.06MB
 bb5107df7baa Extracting 8B
 6b97080db618 Downloading 67.11MB
 bb5107df7baa Extracting 8B
 6b97080db618 Downloading 67.11MB
 bb5107df7baa Extracting 8B
 6b97080db618 Downloading 67.11MB
 bb5107df7baa Extracting 8B
 6b97080db618 Downloading 68.16MB
 bb5107df7baa Extracting 8B
 6b97080db618 Downloading 68.16MB
 bb5107df7baa Extracting 9B
 6b97080db618 Downloading 68.16MB
 bb5107df7baa Extracting 9B
 6b97080db618 Downloading 68.16MB
 bb5107df7baa Extracting 9B
 6b97080db618 Downloading 69.21MB
 bb5107df7baa Extracting 9B
 6b97080db618 Downloading 69.21MB
 bb5107df7baa Extracting 9B
 6b97080db618 Downloading 69.21MB
 bb5107df7baa Extracting 9B
 6b97080db618 Downloading 70.25MB
 bb5107df7baa Extracting 9B
 6b97080db618 Downloading 70.25MB
 bb5107df7baa Extracting 9B
 6b97080db618 Downloading 70.25MB
 bb5107df7baa Extracting 9B
 6b97080db618 Downloading 70.25MB
 bb5107df7baa Extracting 9B
 6b97080db618 Downloading 71.3MB
 bb5107df7baa Extracting 10B
 6b97080db618 Downloading 71.3MB
 bb5107df7baa Extracting 10B
 6b97080db618 Downloading 71.3MB
 bb5107df7baa Extracting 10B
 6b97080db618 Downloading 72.35MB
 bb5107df7baa Extracting 10B
 6b97080db618 Downloading 72.35MB
 bb5107df7baa Extracting 10B
 6b97080db618 Downloading 72.35MB
 bb5107df7baa Extracting 10B
 6b97080db618 Downloading 72.41MB
 bb5107df7baa Extracting 10B
 6b97080db618 Downloading 73.4MB
 bb5107df7baa Extracting 10B
 6b97080db618 Downloading 73.4MB
 bb5107df7baa Extracting 10B
 6b97080db618 Downloading 73.4MB
 bb5107df7baa Extracting 10B
 6b97080db618 Downloading 74.45MB
 bb5107df7baa Extracting 11B
 6b97080db618 Downloading 74.45MB
 bb5107df7baa Extracting 11B
 6b97080db618 Downloading 74.45MB
 bb5107df7baa Extracting 11B
 6b97080db618 Downloading 74.45MB
 bb5107df7baa Extracting 11B
 6b97080db618 Downloading 75.5MB
 bb5107df7baa Extracting 11B
 6b97080db618 Downloading 75.5MB
 bb5107df7baa Extracting 11B
 6b97080db618 Downloading 75.5MB
 bb5107df7baa Extracting 11B
 6b97080db618 Downloading 76.55MB
 bb5107df7baa Extracting 11B
 6b97080db618 Downloading 76.55MB
 bb5107df7baa Extracting 11B
 6b97080db618 Downloading 76.79MB
 bb5107df7baa Extracting 12B
 6b97080db618 Downloading 77.59MB
 bb5107df7baa Extracting 12B
 6b97080db618 Downloading 77.59MB
 bb5107df7baa Extracting 12B
 6b97080db618 Downloading 77.59MB
 bb5107df7baa Extracting 12B
 6b97080db618 Downloading 78.64MB
 bb5107df7baa Extracting 12B
 6b97080db618 Downloading 78.64MB
 bb5107df7baa Extracting 12B
 6b97080db618 Downloading 78.64MB
 bb5107df7baa Pull complete 0B
 6b97080db618 Downloading 78.64MB
 f035ba2a42b8 Extracting 1B
 6b97080db618 Downloading 79.69MB
 f035ba2a42b8 Extracting 1B
 6b97080db618 Downloading 79.69MB
 f035ba2a42b8 Pull complete 0B
 6b97080db618 Downloading 79.69MB
 9b9c5f1fb954 Extracting 1B
 6b97080db618 Downloading 79.69MB
 9b9c5f1fb954 Pull complete 0B
 6b97080db618 Downloading 80.74MB
 8b565c834d59 Extracting 1B
 6b97080db618 Downloading 80.74MB
 8b565c834d59 Extracting 1B
 6b97080db618 Downloading 80.74MB
 8b565c834d59 Extracting 1B
 6b97080db618 Downloading 80.74MB
 8b565c834d59 Extracting 1B
 6b97080db618 Downloading 80.74MB
 8b565c834d59 Extracting 1B
 6b97080db618 Downloading 80.74MB
 8b565c834d59 Extracting 1B
 6b97080db618 Downloading 80.74MB
 8b565c834d59 Extracting 1B
 6b97080db618 Downloading 80.74MB
 8b565c834d59 Extracting 1B
 6b97080db618 Downloading 80.74MB
 8b565c834d59 Extracting 1B
 6b97080db618 Downloading 80.74MB
 8b565c834d59 Extracting 1B
 6b97080db618 Downloading 81.79MB
 8b565c834d59 Extracting 2B
 6b97080db618 Downloading 81.79MB
 8b565c834d59 Extracting 2B
 6b97080db618 Downloading 81.79MB
 8b565c834d59 Extracting 2B
 6b97080db618 Downloading 81.79MB
 8b565c834d59 Extracting 2B
 6b97080db618 Downloading 81.79MB
 8b565c834d59 Extracting 2B
 6b97080db618 Downloading 81.79MB
 8b565c834d59 Extracting 2B
 6b97080db618 Downloading 81.79MB
 8b565c834d59 Extracting 2B
 6b97080db618 Downloading 81.79MB
 8b565c834d59 Pull complete 0B
 6b97080db618 Downloading 81.79MB
 aa6e6468bcd7 Extracting 1B
 6b97080db618 Downloading 82.84MB
 6b97080db618 Downloading 82.84MB
 aa6e6468bcd7 Pull complete 0B
 6b97080db618 Downloading 82.84MB
 df58ba29e471 Extracting 1B
 6b97080db618 Downloading 82.84MB
 df58ba29e471 Pull complete 0B
 6b97080db618 Downloading 82.84MB
 506bcb676d56 Extracting 1B
 6b97080db618 Downloading 83.89MB
 506bcb676d56 Extracting 1B
 6b97080db618 Downloading 83.89MB
 506bcb676d56 Extracting 1B
 6b97080db618 Downloading 83.89MB
 506bcb676d56 Extracting 1B
 6b97080db618 Downloading 83.89MB
 506bcb676d56 Extracting 1B
 6b97080db618 Downloading 83.89MB
 506bcb676d56 Extracting 1B
 6b97080db618 Downloading 83.89MB
 506bcb676d56 Extracting 1B
 6b97080db618 Downloading 83.89MB
 506bcb676d56 Extracting 1B
 6b97080db618 Downloading 84.93MB
 506bcb676d56 Extracting 1B
 6b97080db618 Downloading 84.93MB
 506bcb676d56 Extracting 1B
 6b97080db618 Downloading 84.93MB
 506bcb676d56 Extracting 2B
 6b97080db618 Downloading 84.93MB
 506bcb676d56 Extracting 2B
 6b97080db618 Downloading 85.98MB
 506bcb676d56 Extracting 2B
 6b97080db618 Downloading 85.98MB
 506bcb676d56 Extracting 2B
 6b97080db618 Downloading 85.98MB
 506bcb676d56 Extracting 2B
 6b97080db618 Downloading 85.98MB
 506bcb676d56 Extracting 2B
 6b97080db618 Downloading 85.98MB
 506bcb676d56 Extracting 2B
 6b97080db618 Downloading 87.03MB
 506bcb676d56 Extracting 2B
 6b97080db618 Downloading 87.03MB
 506bcb676d56 Extracting 2B
 6b97080db618 Downloading 87.03MB
 506bcb676d56 Extracting 2B
 6b97080db618 Downloading 87.03MB
 506bcb676d56 Extracting 2B
 6b97080db618 Downloading 87.03MB
 506bcb676d56 Extracting 3B
 6b97080db618 Downloading 87.03MB
 506bcb676d56 Extracting 3B
 6b97080db618 Downloading 87.22MB
 506bcb676d56 Extracting 3B
 6b97080db618 Downloading 88.08MB
 506bcb676d56 Extracting 3B
 6b97080db618 Downloading 88.08MB
 506bcb676d56 Extracting 3B
 6b97080db618 Downloading 88.08MB
 506bcb676d56 Extracting 3B
 6b97080db618 Downloading 88.08MB
 506bcb676d56 Extracting 3B
 6b97080db618 Downloading 88.08MB
 506bcb676d56 Extracting 3B
 6b97080db618 Downloading 88.08MB
 506bcb676d56 Extracting 3B
 6b97080db618 Downloading 88.31MB
 506bcb676d56 Extracting 3B
 6b97080db618 Downloading 89.13MB
 506bcb676d56 Extracting 4B
 6b97080db618 Downloading 89.13MB
 506bcb676d56 Extracting 4B
 6b97080db618 Downloading 89.13MB
 506bcb676d56 Extracting 4B
 6b97080db618 Downloading 89.13MB
 506bcb676d56 Extracting 4B
 6b97080db618 Downloading 89.13MB
 506bcb676d56 Extracting 4B
 6b97080db618 Downloading 90.18MB
 506bcb676d56 Extracting 4B
 6b97080db618 Downloading 90.18MB
 506bcb676d56 Extracting 4B
 6b97080db618 Downloading 90.18MB
 506bcb676d56 Extracting 4B
 6b97080db618 Downloading 90.18MB
 506bcb676d56 Extracting 4B
 6b97080db618 Downloading 90.18MB
 506bcb676d56 Extracting 4B
 6b97080db618 Downloading 90.18MB
 506bcb676d56 Extracting 5B
 6b97080db618 Downloading 90.18MB
 506bcb676d56 Extracting 5B
 6b97080db618 Downloading 90.18MB
 506bcb676d56 Extracting 5B
 6b97080db618 Downloading 90.18MB
 506bcb676d56 Extracting 5B
 6b97080db618 Downloading 91.23MB
 506bcb676d56 Extracting 5B
 6b97080db618 Downloading 91.23MB
 506bcb676d56 Extracting 5B
 6b97080db618 Downloading 91.23MB
 506bcb676d56 Extracting 5B
 6b97080db618 Downloading 91.23MB
 506bcb676d56 Extracting 5B
 6b97080db618 Downloading 91.23MB
 506bcb676d56 Extracting 5B
 6b97080db618 Downloading 91.23MB
 506bcb676d56 Extracting 5B
 6b97080db618 Downloading 91.23MB
 506bcb676d56 Extracting 6B
 6b97080db618 Downloading 91.23MB
 506bcb676d56 Extracting 6B
 6b97080db618 Downloading 92.27MB
 506bcb676d56 Extracting 6B
 6b97080db618 Downloading 92.27MB
 506bcb676d56 Extracting 6B
 6b97080db618 Downloading 92.27MB
 506bcb676d56 Extracting 6B
 6b97080db618 Downloading 92.27MB
 506bcb676d56 Extracting 6B
 6b97080db618 Downloading 92.27MB
 506bcb676d56 Extracting 6B
 6b97080db618 Downloading 93.32MB
 506bcb676d56 Extracting 6B
 6b97080db618 Downloading 93.32MB
 506bcb676d56 Extracting 6B
 6b97080db618 Downloading 93.32MB
 506bcb676d56 Extracting 7B
 6b97080db618 Downloading 93.32MB
 506bcb676d56 Extracting 7B
 6b97080db618 Downloading 93.32MB
 506bcb676d56 Extracting 7B
 6b97080db618 Downloading 93.32MB
 506bcb676d56 Extracting 7B
 6b97080db618 Downloading 93.32MB
 506bcb676d56 Extracting 7B
 6b97080db618 Downloading 93.32MB
 506bcb676d56 Extracting 7B
 6b97080db618 Downloading 93.32MB
 506bcb676d56 Extracting 7B
 6b97080db618 Downloading 93.32MB
 506bcb676d56 Extracting 7B
 6b97080db618 Downloading 94.37MB
 506bcb676d56 Extracting 7B
 6b97080db618 Downloading 94.37MB
 506bcb676d56 Extracting 7B
 6b97080db618 Downloading 94.37MB
 506bcb676d56 Extracting 7B
 6b97080db618 Downloading 94.37MB
 506bcb676d56 Extracting 8B
 6b97080db618 Downloading 94.37MB
 506bcb676d56 Extracting 8B
 6b97080db618 Downloading 94.37MB
 506bcb676d56 Extracting 8B
 6b97080db618 Downloading 95.42MB
 506bcb676d56 Extracting 8B
 6b97080db618 Downloading 95.42MB
 506bcb676d56 Extracting 8B
 6b97080db618 Downloading 95.42MB
 506bcb676d56 Extracting 8B
 6b97080db618 Downloading 96.47MB
 506bcb676d56 Extracting 8B
 6b97080db618 Downloading 96.47MB
 506bcb676d56 Extracting 8B
 6b97080db618 Downloading 96.47MB
 506bcb676d56 Extracting 8B
 6b97080db618 Downloading 96.47MB
 506bcb676d56 Extracting 9B
 6b97080db618 Downloading 96.47MB
 506bcb676d56 Extracting 9B
 6b97080db618 Downloading 96.47MB
 506bcb676d56 Extracting 9B
 6b97080db618 Downloading 96.47MB
 506bcb676d56 Extracting 9B
 6b97080db618 Downloading 96.47MB
 506bcb676d56 Extracting 9B
 6b97080db618 Downloading 96.47MB
 506bcb676d56 Extracting 9B
 6b97080db618 Downloading 97.52MB
 506bcb676d56 Extracting 9B
 6b97080db618 Downloading 97.52MB
 506bcb676d56 Extracting 9B
 6b97080db618 Downloading 97.52MB
 506bcb676d56 Extracting 9B
 6b97080db618 Downloading 97.52MB
 506bcb676d56 Extracting 9B
 6b97080db618 Downloading 97.52MB
 6b97080db618 Downloading 98.57MB
 6b97080db618 Downloading 98.57MB
 506bcb676d56 Pull complete 0B
 6b97080db618 Downloading 99.61MB
 6b97080db618 Downloading 99.61MB
 6b97080db618 Downloading 99.61MB
 6b97080db618 Downloading 99.61MB
 6b97080db618 Downloading 100.7MB
 97a156be315d Extracting 1B
 6b97080db618 Downloading 100.7MB
 97a156be315d Extracting 1B
 6b97080db618 Downloading 101.7MB
 97a156be315d Extracting 1B
 6b97080db618 Downloading 101.7MB
 6b97080db618 Downloading 101.7MB
 6b97080db618 Downloading 102.8MB
 97a156be315d Pull complete 0B
 6b97080db618 Downloading 103.7MB
 6b97080db618 Downloading 103.8MB
 6b97080db618 Downloading 104.9MB
 6b97080db618 Downloading 104.9MB
 6b97080db618 Downloading 105.9MB
 6b97080db618 Downloading 105.9MB
 6b97080db618 Downloading 107MB
 6b97080db618 Downloading 107MB
 6b97080db618 Downloading 108MB
 6b97080db618 Downloading 109.1MB
 6b97080db618 Downloading 110.1MB
 6b97080db618 Downloading 111.1MB
 6b97080db618 Downloading 111.1MB
 6b97080db618 Downloading 112.2MB
 6b97080db618 Downloading 113.2MB
 6b97080db618 Downloading 113.2MB
 6b97080db618 Downloading 114.3MB
 6b97080db618 Downloading 115.3MB
 6b97080db618 Downloading 115.3MB
 6b97080db618 Downloading 116.4MB
 6b97080db618 Downloading 116.4MB
 6b97080db618 Downloading 117.4MB
 6b97080db618 Downloading 117.4MB
 6b97080db618 Downloading 118.5MB
 6b97080db618 Downloading 119.5MB
 6b97080db618 Downloading 119.5MB
 6b97080db618 Downloading 119.5MB
 6b97080db618 Downloading 119.5MB
 6b97080db618 Downloading 119.5MB
 6b97080db618 Downloading 119.5MB
 6b97080db618 Downloading 119.5MB
 6b97080db618 Downloading 119.5MB
 6b97080db618 Downloading 119.5MB
 6b97080db618 Downloading 119.5MB
 6b97080db618 Downloading 119.5MB
 6b97080db618 Downloading 119.5MB
 6b97080db618 Downloading 119.5MB
 6b97080db618 Downloading 119.5MB
 6b97080db618 Downloading 119.5MB
 6b97080db618 Downloading 120.6MB
 6b97080db618 Downloading 121.6MB
 6b97080db618 Downloading 121.6MB
 6b97080db618 Downloading 121.6MB
 6b97080db618 Downloading 121.6MB
 6b97080db618 Downloading 122.7MB
 6b97080db618 Downloading 123.7MB
 6b97080db618 Downloading 124.8MB
 6b97080db618 Downloading 124.8MB
 6b97080db618 Downloading 125.8MB
 6b97080db618 Downloading 126.9MB
 6b97080db618 Downloading 127.9MB
 6b97080db618 Downloading 127.9MB
 6b97080db618 Downloading 129MB
 6b97080db618 Downloading 129.2MB
 6b97080db618 Downloading 130MB
 6b97080db618 Downloading 130MB
 6b97080db618 Downloading 131.1MB
 6b97080db618 Downloading 132.1MB
 6b97080db618 Downloading 132.4MB
 6b97080db618 Download complete 0B
 6b97080db618 Extracting 1B
 6b97080db618 Extracting 1B
 6b97080db618 Extracting 1B
 6b97080db618 Extracting 1B
 6b97080db618 Extracting 1B
 6b97080db618 Extracting 1B
 6b97080db618 Extracting 1B
 6b97080db618 Extracting 1B
 6b97080db618 Extracting 1B
 6b97080db618 Extracting 1B
 6b97080db618 Extracting 1B
 6b97080db618 Extracting 2B
 6b97080db618 Extracting 2B
 6b97080db618 Extracting 2B
 6b97080db618 Extracting 2B
 6b97080db618 Extracting 2B
 6b97080db618 Extracting 2B
 6b97080db618 Extracting 2B
 6b97080db618 Extracting 2B
 6b97080db618 Extracting 2B
 6b97080db618 Extracting 2B
 6b97080db618 Extracting 3B
 6b97080db618 Extracting 3B
 6b97080db618 Extracting 3B
 6b97080db618 Extracting 3B
 6b97080db618 Extracting 3B
 6b97080db618 Extracting 3B
 6b97080db618 Extracting 3B
 6b97080db618 Extracting 3B
 6b97080db618 Extracting 3B
 6b97080db618 Extracting 3B
 6b97080db618 Extracting 4B
 6b97080db618 Extracting 4B
 6b97080db618 Extracting 4B
 6b97080db618 Extracting 4B
 6b97080db618 Extracting 4B
 6b97080db618 Extracting 4B
 6b97080db618 Extracting 4B
 6b97080db618 Extracting 4B
 6b97080db618 Extracting 4B
 6b97080db618 Extracting 4B
 6b97080db618 Extracting 5B
 6b97080db618 Extracting 5B
 6b97080db618 Extracting 5B
 6b97080db618 Extracting 5B
 6b97080db618 Extracting 5B
 6b97080db618 Extracting 5B
 6b97080db618 Extracting 5B
 6b97080db618 Extracting 5B
 6b97080db618 Extracting 5B
 6b97080db618 Extracting 5B
 6b97080db618 Extracting 6B
 6b97080db618 Extracting 6B
 6b97080db618 Extracting 6B
 6b97080db618 Extracting 6B
 6b97080db618 Extracting 6B
 6b97080db618 Extracting 6B
 6b97080db618 Extracting 6B
 6b97080db618 Extracting 6B
 6b97080db618 Extracting 6B
 6b97080db618 Extracting 6B
 6b97080db618 Extracting 7B
 6b97080db618 Extracting 7B
 6b97080db618 Extracting 7B
 6b97080db618 Extracting 7B
 6b97080db618 Extracting 7B
 6b97080db618 Extracting 7B
 6b97080db618 Extracting 7B
 6b97080db618 Extracting 7B
 6b97080db618 Extracting 7B
 6b97080db618 Extracting 8B
 6b97080db618 Extracting 8B
 6b97080db618 Extracting 8B
 6b97080db618 Extracting 8B
 6b97080db618 Extracting 8B
 6b97080db618 Extracting 8B
 6b97080db618 Extracting 8B
 6b97080db618 Extracting 8B
 6b97080db618 Extracting 8B
 6b97080db618 Extracting 8B
 6b97080db618 Extracting 8B
 6b97080db618 Extracting 9B
 6b97080db618 Extracting 9B
 6b97080db618 Extracting 9B
 6b97080db618 Extracting 9B
 6b97080db618 Extracting 9B
 6b97080db618 Extracting 9B
 6b97080db618 Extracting 9B
 6b97080db618 Extracting 9B
 6b97080db618 Extracting 9B
 6b97080db618 Extracting 9B
 6b97080db618 Extracting 10B
 6b97080db618 Extracting 10B
 6b97080db618 Extracting 10B
 6b97080db618 Extracting 10B
 6b97080db618 Extracting 10B
 6b97080db618 Extracting 10B
 6b97080db618 Extracting 10B
 6b97080db618 Extracting 10B
 6b97080db618 Extracting 10B
 6b97080db618 Extracting 10B
 6b97080db618 Extracting 11B
 6b97080db618 Extracting 11B
 6b97080db618 Extracting 11B
 6b97080db618 Extracting 11B
 6b97080db618 Extracting 11B
 6b97080db618 Extracting 11B
 6b97080db618 Extracting 11B
 6b97080db618 Extracting 11B
 6b97080db618 Extracting 11B
 6b97080db618 Extracting 12B
 6b97080db618 Extracting 12B
 6b97080db618 Extracting 12B
 6b97080db618 Extracting 12B
 6b97080db618 Extracting 12B
 6b97080db618 Extracting 12B
 6b97080db618 Extracting 12B
 6b97080db618 Extracting 12B
 6b97080db618 Extracting 12B
 6b97080db618 Extracting 12B
 6b97080db618 Extracting 12B
 6b97080db618 Extracting 13B
 6b97080db618 Extracting 13B
 6b97080db618 Extracting 13B
 6b97080db618 Extracting 13B
 6b97080db618 Extracting 13B
 6b97080db618 Extracting 13B
 6b97080db618 Extracting 13B
 6b97080db618 Extracting 13B
 6b97080db618 Extracting 13B
 6b97080db618 Extracting 14B
 6b97080db618 Extracting 14B
 6b97080db618 Extracting 14B
 6b97080db618 Extracting 14B
 6b97080db618 Extracting 14B
 6b97080db618 Extracting 14B
 6b97080db618 Extracting 14B
 6b97080db618 Extracting 14B
 6b97080db618 Extracting 14B
 6b97080db618 Extracting 14B
 6b97080db618 Extracting 14B
 6b97080db618 Extracting 15B
 6b97080db618 Extracting 15B
 6b97080db618 Extracting 15B
 6b97080db618 Extracting 15B
 6b97080db618 Extracting 15B
 6b97080db618 Extracting 15B
 6b97080db618 Extracting 15B
 6b97080db618 Extracting 15B
 6b97080db618 Extracting 15B
 6b97080db618 Extracting 15B
 6b97080db618 Extracting 16B
 6b97080db618 Extracting 16B
 6b97080db618 Extracting 16B
 6b97080db618 Extracting 16B
 6b97080db618 Extracting 16B
 6b97080db618 Extracting 16B
 6b97080db618 Extracting 16B
 6b97080db618 Extracting 16B
 6b97080db618 Extracting 16B
 6b97080db618 Extracting 17B
 6b97080db618 Extracting 17B
 6b97080db618 Extracting 17B
 6b97080db618 Extracting 17B
 6b97080db618 Extracting 17B
 6b97080db618 Extracting 17B
 6b97080db618 Extracting 17B
 6b97080db618 Extracting 17B
 6b97080db618 Extracting 17B
 6b97080db618 Extracting 17B
 6b97080db618 Extracting 18B
 6b97080db618 Extracting 18B
 6b97080db618 Extracting 18B
 6b97080db618 Extracting 18B
 6b97080db618 Extracting 18B
 6b97080db618 Extracting 18B
 6b97080db618 Extracting 18B
 6b97080db618 Extracting 18B
 6b97080db618 Extracting 18B
 6b97080db618 Extracting 18B
 6b97080db618 Pull complete 0B
 182cd03161a6 Pull complete 0B
 Image mysql:8.4 Pulled 
 Image sail-8.5/app Building 
#1 [internal] load local bake definitions
#1 reading from stdin 683B 0.3s done
#1 DONE 0.3s

#2 [internal] load build definition from Dockerfile
#2 transferring dockerfile:
#2 transferring dockerfile: 3.70kB 0.1s done
#2 DONE 0.2s

#3 [internal] load metadata for docker.io/library/ubuntu:24.04
#3 DONE 2.6s

#4 [internal] load .dockerignore
#4 transferring context: 2B done
#4 DONE 0.1s

#5 [ 1/14] FROM docker.io/library/ubuntu:24.04@sha256:c4a8d5503dfb2a3eb8ab5f807da5bc69a85730fb49b5cfca2330194ebcc41c7b
#5 resolve docker.io/library/ubuntu:24.04@sha256:c4a8d5503dfb2a3eb8ab5f807da5bc69a85730fb49b5cfca2330194ebcc41c7b 0.1s done
#5 ...

#6 [internal] load build context
#6 transferring context: 1.12kB 0.0s done
#6 DONE 0.2s

#5 [ 1/14] FROM docker.io/library/ubuntu:24.04@sha256:c4a8d5503dfb2a3eb8ab5f807da5bc69a85730fb49b5cfca2330194ebcc41c7b
#5 sha256:b40150c1c2717d324cdb17278c8efdfa4dfcd2ffe083e976f0bcedf31115f081 0B / 29.73MB 0.2s
#5 sha256:b40150c1c2717d324cdb17278c8efdfa4dfcd2ffe083e976f0bcedf31115f081 2.10MB / 29.73MB 1.1s
#5 sha256:b40150c1c2717d324cdb17278c8efdfa4dfcd2ffe083e976f0bcedf31115f081 4.19MB / 29.73MB 1.4s
#5 sha256:b40150c1c2717d324cdb17278c8efdfa4dfcd2ffe083e976f0bcedf31115f081 6.29MB / 29.73MB 1.7s
#5 sha256:b40150c1c2717d324cdb17278c8efdfa4dfcd2ffe083e976f0bcedf31115f081 8.39MB / 29.73MB 2.0s
#5 sha256:b40150c1c2717d324cdb17278c8efdfa4dfcd2ffe083e976f0bcedf31115f081 10.49MB / 29.73MB 2.4s
#5 sha256:b40150c1c2717d324cdb17278c8efdfa4dfcd2ffe083e976f0bcedf31115f081 12.58MB / 29.73MB 2.9s
#5 sha256:b40150c1c2717d324cdb17278c8efdfa4dfcd2ffe083e976f0bcedf31115f081 14.68MB / 29.73MB 3.2s
#5 sha256:b40150c1c2717d324cdb17278c8efdfa4dfcd2ffe083e976f0bcedf31115f081 16.78MB / 29.73MB 3.5s
#5 sha256:b40150c1c2717d324cdb17278c8efdfa4dfcd2ffe083e976f0bcedf31115f081 18.87MB / 29.73MB 3.9s
#5 sha256:b40150c1c2717d324cdb17278c8efdfa4dfcd2ffe083e976f0bcedf31115f081 20.97MB / 29.73MB 4.7s
#5 sha256:b40150c1c2717d324cdb17278c8efdfa4dfcd2ffe083e976f0bcedf31115f081 23.07MB / 29.73MB 5.4s
#5 sha256:b40150c1c2717d324cdb17278c8efdfa4dfcd2ffe083e976f0bcedf31115f081 25.17MB / 29.73MB 5.9s
#5 sha256:b40150c1c2717d324cdb17278c8efdfa4dfcd2ffe083e976f0bcedf31115f081 27.26MB / 29.73MB 6.3s
#5 sha256:b40150c1c2717d324cdb17278c8efdfa4dfcd2ffe083e976f0bcedf31115f081 29.73MB / 29.73MB 6.9s
#5 sha256:b40150c1c2717d324cdb17278c8efdfa4dfcd2ffe083e976f0bcedf31115f081 29.73MB / 29.73MB 7.1s done
#5 extracting sha256:b40150c1c2717d324cdb17278c8efdfa4dfcd2ffe083e976f0bcedf31115f081
#5 extracting sha256:b40150c1c2717d324cdb17278c8efdfa4dfcd2ffe083e976f0bcedf31115f081 3.7s done
#5 DONE 11.2s

#7 [ 2/14] WORKDIR /var/www/html
#7 DONE 5.0s

#8 [ 3/14] RUN ln -snf /usr/share/zoneinfo/UTC /etc/localtime && echo UTC > /etc/timezone
#8 DONE 3.8s

#9 [ 4/14] RUN echo "Acquire::http::Pipeline-Depth 0;" > /etc/apt/apt.conf.d/99custom &&     echo "Acquire::http::No-Cache true;" >> /etc/apt/apt.conf.d/99custom &&     echo "Acquire::BrokenProxy    true;" >> /etc/apt/apt.conf.d/99custom
#9 DONE 1.8s

#10 [ 5/14] RUN apt-get update && apt-get upgrade -y     && mkdir -p /etc/apt/keyrings     && apt-get install -y gnupg gosu curl ca-certificates zip unzip git supervisor sqlite3 libcap2-bin libpng-dev python3 dnsutils librsvg2-bin fswatch ffmpeg nano      && curl -sS 'https://keyserver.ubuntu.com/pks/lookup?op=get&search=0xb8dc7e53946656efbce4c1dd71daeaab4ad4cab6' | gpg --dearmor | tee /etc/apt/keyrings/ppa_ondrej_php.gpg > /dev/null     && echo "deb [signed-by=/etc/apt/keyrings/ppa_ondrej_php.gpg] https://ppa.launchpadcontent.net/ondrej/php/ubuntu noble main" > /etc/apt/sources.list.d/ppa_ondrej_php.list     && apt-get update     && apt-get install -y         libgd3         php8.5-cli         php8.5-dev         php8.5-pgsql         php8.5-sqlite3         php8.5-gd         php8.5-curl         php8.5-mongodb         php8.5-imap         php8.5-mysql         php8.5-mbstring         php8.5-xml         php8.5-zip         php8.5-bcmath         php8.5-soap         php8.5-intl         php8.5-readline         php8.5-ldap         php8.5-msgpack         php8.5-igbinary         php8.5-redis         php8.5-swoole         php8.5-memcached         php8.5-pcov         php8.5-imagick         php8.5-xdebug     && curl -sLS https://getcomposer.org/installer | php -- --install-dir=/usr/bin/ --filename=composer     && curl -fsSL https://deb.nodesource.com/gpgkey/nodesource-repo.gpg.key | gpg --dearmor -o /etc/apt/keyrings/nodesource.gpg     && echo "deb [signed-by=/etc/apt/keyrings/nodesource.gpg] https://deb.nodesource.com/node_24.x nodistro main" > /etc/apt/sources.list.d/nodesource.list     && apt-get update     && apt-get install -y nodejs     && npm install -g npm     && npm install -g pnpm     && npm install -g bun     && npx playwright install-deps     && corepack enable     && corepack prepare yarn@stable --activate     && curl -sS https://www.postgresql.org/media/keys/ACCC4CF8.asc | gpg --dearmor | tee /etc/apt/keyrings/pgdg.gpg >/dev/null     && echo "deb [signed-by=/etc/apt/keyrings/pgdg.gpg] http://apt.postgresql.org/pub/repos/apt noble-pgdg main" > /etc/apt/sources.list.d/pgdg.list     && apt-get update     && apt-get install -y mysql-client     && apt-get install -y postgresql-client-18     && apt-get -y autoremove     && apt-get clean     && rm -rf /var/lib/apt/lists/* /tmp/* /var/tmp/*
#10 0.787 Get:1 http://security.ubuntu.com/ubuntu noble-security InRelease [126 kB]
#10 0.829 Get:2 http://archive.ubuntu.com/ubuntu noble InRelease [256 kB]
#10 1.340 Get:3 http://security.ubuntu.com/ubuntu noble-security/main amd64 Packages [1985 kB]
#10 1.342 Get:4 http://archive.ubuntu.com/ubuntu noble-updates InRelease [126 kB]
#10 1.560 Get:5 http://archive.ubuntu.com/ubuntu noble-backports InRelease [126 kB]
#10 1.719 Get:6 http://archive.ubuntu.com/ubuntu noble/universe amd64 Packages [19.3 MB]
#10 2.202 Get:7 http://security.ubuntu.com/ubuntu noble-security/restricted amd64 Packages [3491 kB]
#10 3.087 Get:8 http://security.ubuntu.com/ubuntu noble-security/multiverse amd64 Packages [34.2 kB]
#10 3.171 Get:9 http://security.ubuntu.com/ubuntu noble-security/universe amd64 Packages [1498 kB]
#10 6.589 Get:10 http://archive.ubuntu.com/ubuntu noble/restricted amd64 Packages [117 kB]
#10 6.712 Get:11 http://archive.ubuntu.com/ubuntu noble/multiverse amd64 Packages [331 kB]
#10 6.856 Get:12 http://archive.ubuntu.com/ubuntu noble/main amd64 Packages [1808 kB]
#10 7.343 Get:13 http://archive.ubuntu.com/ubuntu noble-updates/multiverse amd64 Packages [54.1 kB]
#10 7.441 Get:14 http://archive.ubuntu.com/ubuntu noble-updates/restricted amd64 Packages [3737 kB]
#10 8.183 Get:15 http://archive.ubuntu.com/ubuntu noble-updates/universe amd64 Packages [2142 kB]
#10 8.687 Get:16 http://archive.ubuntu.com/ubuntu noble-updates/main amd64 Packages [2355 kB]
#10 9.198 Get:17 http://archive.ubuntu.com/ubuntu noble-backports/multiverse amd64 Packages [671 B]
#10 9.286 Get:18 http://archive.ubuntu.com/ubuntu noble-backports/universe amd64 Packages [35.6 kB]
#10 9.383 Get:19 http://archive.ubuntu.com/ubuntu noble-backports/main amd64 Packages [49.0 kB]
#10 10.02 Fetched 37.6 MB in 9s (3994 kB/s)
#10 10.02 Reading package lists...
#10 12.20 Reading package lists...
#10 14.25 Building dependency tree...
#10 14.67 Reading state information...
#10 14.82 Calculating upgrade...
#10 15.39 The following packages will be upgraded:
#10 15.40   libcap2
#10 15.62 1 upgraded, 0 newly installed, 0 to remove and 0 not upgraded.
#10 15.62 Need to get 30.5 kB of archives.
#10 15.62 After this operation, 0 B of additional disk space will be used.
#10 15.62 Get:1 http://archive.ubuntu.com/ubuntu noble-updates/main amd64 libcap2 amd64 1:2.66-5ubuntu2.4 [30.5 kB]
#10 16.03 debconf: delaying package configuration, since apt-utils is not installed
#10 16.10 Fetched 30.5 kB in 0s (99.1 kB/s)
#10 16.17 (Reading database ... (Reading database ... 5%(Reading database ... 10%(Reading database ... 15%(Reading database ... 20%(Reading database ... 25%(Reading database ... 30%(Reading database ... 35%(Reading database ... 40%(Reading database ... 45%(Reading database ... 50%(Reading database ... 55%(Reading database ... 60%(Reading database ... 65%(Reading database ... 70%(Reading database ... 75%(Reading database ... 80%(Reading database ... 85%(Reading database ... 90%(Reading database ... 95%(Reading database ... 100%(Reading database ... 4381 files and directories currently installed.)
#10 16.18 Preparing to unpack .../libcap2_1%3a2.66-5ubuntu2.4_amd64.deb ...
#10 16.24 Unpacking libcap2:amd64 (1:2.66-5ubuntu2.4) over (1:2.66-5ubuntu2.2) ...
#10 16.39 Setting up libcap2:amd64 (1:2.66-5ubuntu2.4) ...
#10 16.47 Processing triggers for libc-bin (2.39-0ubuntu8.7) ...
#10 16.59 Reading package lists...
#10 18.65 Building dependency tree...
#10 19.08 Reading state information...
#10 19.67 The following additional packages will be installed:
#10 19.67   adduser adwaita-icon-theme alsa-topology-conf alsa-ucm-conf at-spi2-common
#10 19.67   at-spi2-core bind9-dnsutils bind9-host bind9-libs dbus dbus-bin dbus-daemon
#10 19.67   dbus-session-bus-common dbus-system-bus-common dbus-user-session
#10 19.67   dconf-gsettings-backend dconf-service dirmngr dmsetup fontconfig
#10 19.67   fontconfig-config fonts-dejavu-core fonts-dejavu-mono
#10 19.67   gir1.2-girepository-2.0 gir1.2-glib-2.0 git-man gnupg-l10n gnupg-utils gpg
#10 19.67   gpg-agent gpg-wks-client gpgconf gpgsm gsettings-desktop-schemas
#10 19.67   gtk-update-icon-cache hicolor-icon-theme humanity-icon-theme i965-va-driver
#10 19.67   intel-media-va-driver keyboxd krb5-locales less libaacs0 libaom3
#10 19.67   libapparmor1 libargon2-1 libasound2-data libasound2t64 libass9 libasyncns0
#10 19.67   libatk-bridge2.0-0t64 libatk1.0-0t64 libatspi2.0-0t64 libavahi-client3
#10 19.67   libavahi-common-data libavahi-common3 libavc1394-0 libavcodec60
#10 19.67   libavdevice60 libavfilter9 libavformat60 libavutil58 libbdplus0 libblas3
#10 19.67   libbluray2 libbrotli1 libbs2b0 libbsd0 libc-dev-bin libc-devtools libc6-dev
#10 19.67   libcaca0 libcairo-gobject2 libcairo2 libcbor0.10 libcdio-cdda2t64
#10 19.67   libcdio-paranoia2t64 libcdio19t64 libchromaprint1 libcjson1 libcodec2-1.2
#10 19.67   libcolord2 libcrypt-dev libcryptsetup12 libcups2t64 libcurl3t64-gnutls
#10 19.67   libcurl4t64 libdatrie1 libdav1d7 libdbus-1-3 libdc1394-25 libdconf1
#10 19.67   libde265-0 libdecor-0-0 libdecor-0-plugin-1-gtk libdeflate0
#10 19.67   libdevmapper1.02.1 libdrm-amdgpu1 libdrm-common libdrm-intel1 libdrm2
#10 19.67   libedit2 libelf1t64 libepoxy0 liberror-perl libexpat1 libfdisk1
#10 19.67   libfftw3-double3 libfido2-1 libflac12t64 libflite1 libfontconfig1
#10 19.67   libfreetype6 libfribidi0 libgbm1 libgd3 libgdbm-compat4t64 libgdbm6t64
#10 19.67   libgdk-pixbuf-2.0-0 libgdk-pixbuf2.0-bin libgdk-pixbuf2.0-common
#10 19.67   libgfortran5 libgirepository-1.0-1 libgl1 libgl1-mesa-dri libglib2.0-0t64
#10 19.67   libglib2.0-data libglvnd0 libglx-mesa0 libglx0 libgme0 libgomp1
#10 19.67   libgraphite2-3 libgsm1 libgssapi-krb5-2 libgtk-3-0t64 libgtk-3-bin
#10 19.67   libgtk-3-common libharfbuzz0b libheif-plugin-aomdec libheif-plugin-aomenc
#10 19.67   libheif-plugin-libde265 libheif1 libhwy1t64 libicu74 libiec61883-0
#10 19.67   libigdgmm12 libjack-jackd2-0 libjbig0 libjpeg-turbo8 libjpeg8 libjson-c5
#10 19.67   libjxl0.7 libk5crypto3 libkeyutils1 libkmod2 libkrb5-3 libkrb5support0
#10 19.67   libksba8 liblapack3 liblcms2-2 libldap-common libldap2 liblerc4 liblilv-0-0
#10 19.67   libllvm20 liblmdb0 libmaxminddb0 libmbedcrypto7t64 libmp3lame0
#10 19.67   libmpg123-0t64 libmysofa1 libnghttp2-14 libnorm1t64 libnss-systemd libnuma1
#10 19.67   libogg0 libopenal-data libopenal1 libopenjp2-7 libopenmpt0t64 libopus0
#10 19.67   libpam-cap libpam-systemd libpango-1.0-0 libpangocairo-1.0-0
#10 19.67   libpangoft2-1.0-0 libpciaccess0 libperl5.38t64 libpgm-5.3-0t64 libpixman-1-0
#10 19.67   libplacebo338 libpng-tools libpng16-16t64 libpocketsphinx3 libpostproc57
#10 19.67   libpsl5t64 libpulse0 libpython3-stdlib libpython3.12-minimal
#10 19.67   libpython3.12-stdlib librabbitmq4 librav1e0 libraw1394-11 libreadline8t64
#10 19.67   librist4 librsvg2-2 librsvg2-common librtmp1 librubberband2 libsamplerate0
#10 19.67   libsasl2-2 libsasl2-modules libsasl2-modules-db libsdl2-2.0-0
#10 19.67   libsensors-config libsensors5 libserd-0-0 libsharpyuv0 libshine3 libslang2
#10 19.67   libsnappy1v5 libsndfile1 libsndio7.0 libsodium23 libsord-0-0 libsoxr0
#10 19.67   libspeex1 libsphinxbase3t64 libsqlite3-0 libsratom-0-0 libsrt1.5-gnutls
#10 19.67   libssh-4 libssh-gcrypt-4 libsvtav1enc1d1 libswresample4 libswscale7
#10 19.67   libsystemd-shared libthai-data libthai0 libtheora0 libtiff6 libtwolame0
#10 19.67   libudfread0 libunibreak5 libusb-1.0-0 libuv1t64 libva-drm2 libva-x11-2
#10 19.67   libva2 libvdpau1 libvidstab1.1 libvorbis0a libvorbisenc2 libvorbisfile3
#10 19.67   libvpl2 libvpx9 libvulkan1 libwayland-client0 libwayland-cursor0
#10 19.67   libwayland-egl1 libwebp7 libwebpmux3 libx11-6 libx11-data libx11-xcb1
#10 19.67   libx264-164 libx265-199 libxau6 libxcb-dri3-0 libxcb-glx0 libxcb-present0
#10 19.67   libxcb-randr0 libxcb-render0 libxcb-shape0 libxcb-shm0 libxcb-sync1
#10 19.67   libxcb-xfixes0 libxcb1 libxcomposite1 libxcursor1 libxdamage1 libxdmcp6
#10 19.67   libxext6 libxfixes3 libxi6 libxinerama1 libxkbcommon0 libxml2 libxmuu1
#10 19.67   libxpm4 libxrandr2 libxrender1 libxshmfence1 libxss1 libxtst6 libxv1
#10 19.67   libxvidcore4 libxxf86vm1 libzimg2 libzix-0-0 libzmq5 libzvbi-common
#10 19.67   libzvbi0t64 linux-libc-dev manpages manpages-dev media-types mesa-libgallium
#10 19.67   mesa-va-drivers mesa-vdpau-drivers mesa-vulkan-drivers netbase
#10 19.67   networkd-dispatcher ocl-icd-libopencl1 openssh-client openssl patch perl
#10 19.68   perl-modules-5.38 pinentry-curses pocketsphinx-en-us publicsuffix
#10 19.68   python3-dbus python3-gi python3-minimal python3-pkg-resources python3.12
#10 19.68   python3.12-minimal readline-common rpcsvc-proto session-migration
#10 19.68   shared-mime-info systemd systemd-dev systemd-resolved systemd-sysv
#10 19.68   systemd-timesyncd tzdata ubuntu-mono va-driver-all vdpau-driver-all
#10 19.68   x11-common xauth xdg-user-dirs xkb-data zlib1g-dev
#10 19.68 Suggested packages:
#10 19.68   liblocale-gettext-perl cron quota ecryptfs-utils pinentry-gnome3 tor
#10 19.68   ffmpeg-doc gettext-base git-daemon-run | git-daemon-sysvinit git-doc
#10 19.68   git-email git-gui gitk gitweb git-cvs git-mediawiki git-svn parcimonie
#10 19.68   xloadimage gpg-wks-server scdaemon i965-va-driver-shaders alsa-utils
#10 19.68   libasound2-plugins libcuda1 libnvcuvid1 libnvidia-encode1 libbluray-bdj
#10 19.68   glibc-doc colord cups-common libfftw3-bin libfftw3-dev libgd-tools gdbm-l10n
#10 19.68   low-memory-monitor krb5-doc krb5-user gvfs libheif-plugin-x265
#10 19.68   libheif-plugin-ffmpegdec libheif-plugin-jpegdec libheif-plugin-jpegenc
#10 19.68   libheif-plugin-j2kdec libheif-plugin-j2kenc libheif-plugin-rav1e
#10 19.68   libheif-plugin-svtenc jackd2 liblcms2-utils mmdb-bin libportaudio2
#10 19.68   opus-tools pciutils pulseaudio libraw1394-doc libsasl2-modules-gssapi-mit
#10 19.68   | libsasl2-modules-gssapi-heimdal libsasl2-modules-ldap libsasl2-modules-otp
#10 19.68   libsasl2-modules-sql xdg-utils lm-sensors serdi sndiod sordi speex
#10 19.68   man-browser hunspell iw | wireless-tools opencl-icd keychain libpam-ssh
#10 19.68   monkeysphere ssh-askpass ed diffutils-doc perl-doc libterm-readline-gnu-perl
#10 19.68   | libterm-readline-perl-perl make libtap-harness-archive-perl pinentry-doc
#10 19.68   python3-doc python3-tk python3-venv python-dbus-doc python3-setuptools
#10 19.68   python3.12-venv python3.12-doc binutils binfmt-support readline-doc
#10 19.68   sqlite3-doc supervisor-doc systemd-container systemd-homed systemd-userdbd
#10 19.68   systemd-boot libip4tc2 libqrencode4 libtss2-esys-3.0.2-0 libtss2-mu-4.0.1-0
#10 19.68   libtss2-rc0 libtss2-tcti-device0 polkitd libvdpau-va-gl1
#10 20.96 The following NEW packages will be installed:
#10 20.96   adduser adwaita-icon-theme alsa-topology-conf alsa-ucm-conf at-spi2-common
#10 20.96   at-spi2-core bind9-dnsutils bind9-host bind9-libs ca-certificates curl dbus
#10 20.96   dbus-bin dbus-daemon dbus-session-bus-common dbus-system-bus-common
#10 20.96   dbus-user-session dconf-gsettings-backend dconf-service dirmngr dmsetup
#10 20.96   dnsutils ffmpeg fontconfig fontconfig-config fonts-dejavu-core
#10 20.96   fonts-dejavu-mono fswatch gir1.2-girepository-2.0 gir1.2-glib-2.0 git
#10 20.96   git-man gnupg gnupg-l10n gnupg-utils gosu gpg gpg-agent gpg-wks-client
#10 20.96   gpgconf gpgsm gsettings-desktop-schemas gtk-update-icon-cache
#10 20.96   hicolor-icon-theme humanity-icon-theme i965-va-driver intel-media-va-driver
#10 20.96   keyboxd krb5-locales less libaacs0 libaom3 libapparmor1 libargon2-1
#10 20.96   libasound2-data libasound2t64 libass9 libasyncns0 libatk-bridge2.0-0t64
#10 20.96   libatk1.0-0t64 libatspi2.0-0t64 libavahi-client3 libavahi-common-data
#10 20.96   libavahi-common3 libavc1394-0 libavcodec60 libavdevice60 libavfilter9
#10 20.96   libavformat60 libavutil58 libbdplus0 libblas3 libbluray2 libbrotli1 libbs2b0
#10 20.96   libbsd0 libc-dev-bin libc-devtools libc6-dev libcaca0 libcairo-gobject2
#10 20.96   libcairo2 libcap2-bin libcbor0.10 libcdio-cdda2t64 libcdio-paranoia2t64
#10 20.96   libcdio19t64 libchromaprint1 libcjson1 libcodec2-1.2 libcolord2 libcrypt-dev
#10 20.96   libcryptsetup12 libcups2t64 libcurl3t64-gnutls libcurl4t64 libdatrie1
#10 20.96   libdav1d7 libdbus-1-3 libdc1394-25 libdconf1 libde265-0 libdecor-0-0
#10 20.96   libdecor-0-plugin-1-gtk libdeflate0 libdevmapper1.02.1 libdrm-amdgpu1
#10 20.96   libdrm-common libdrm-intel1 libdrm2 libedit2 libelf1t64 libepoxy0
#10 20.96   liberror-perl libexpat1 libfdisk1 libfftw3-double3 libfido2-1 libflac12t64
#10 20.96   libflite1 libfontconfig1 libfreetype6 libfribidi0 libgbm1 libgd3
#10 20.96   libgdbm-compat4t64 libgdbm6t64 libgdk-pixbuf-2.0-0 libgdk-pixbuf2.0-bin
#10 20.96   libgdk-pixbuf2.0-common libgfortran5 libgirepository-1.0-1 libgl1
#10 20.96   libgl1-mesa-dri libglib2.0-0t64 libglib2.0-data libglvnd0 libglx-mesa0
#10 20.96   libglx0 libgme0 libgomp1 libgraphite2-3 libgsm1 libgssapi-krb5-2
#10 20.96   libgtk-3-0t64 libgtk-3-bin libgtk-3-common libharfbuzz0b
#10 20.96   libheif-plugin-aomdec libheif-plugin-aomenc libheif-plugin-libde265 libheif1
#10 20.96   libhwy1t64 libicu74 libiec61883-0 libigdgmm12 libjack-jackd2-0 libjbig0
#10 20.96   libjpeg-turbo8 libjpeg8 libjson-c5 libjxl0.7 libk5crypto3 libkeyutils1
#10 20.96   libkmod2 libkrb5-3 libkrb5support0 libksba8 liblapack3 liblcms2-2
#10 20.96   libldap-common libldap2 liblerc4 liblilv-0-0 libllvm20 liblmdb0
#10 20.96   libmaxminddb0 libmbedcrypto7t64 libmp3lame0 libmpg123-0t64 libmysofa1
#10 20.96   libnghttp2-14 libnorm1t64 libnss-systemd libnuma1 libogg0 libopenal-data
#10 20.96   libopenal1 libopenjp2-7 libopenmpt0t64 libopus0 libpam-cap libpam-systemd
#10 20.96   libpango-1.0-0 libpangocairo-1.0-0 libpangoft2-1.0-0 libpciaccess0
#10 20.96   libperl5.38t64 libpgm-5.3-0t64 libpixman-1-0 libplacebo338 libpng-dev
#10 20.96   libpng-tools libpng16-16t64 libpocketsphinx3 libpostproc57 libpsl5t64
#10 20.96   libpulse0 libpython3-stdlib libpython3.12-minimal libpython3.12-stdlib
#10 20.96   librabbitmq4 librav1e0 libraw1394-11 libreadline8t64 librist4 librsvg2-2
#10 20.96   librsvg2-bin librsvg2-common librtmp1 librubberband2 libsamplerate0
#10 20.96   libsasl2-2 libsasl2-modules libsasl2-modules-db libsdl2-2.0-0
#10 20.96   libsensors-config libsensors5 libserd-0-0 libsharpyuv0 libshine3 libslang2
#10 20.96   libsnappy1v5 libsndfile1 libsndio7.0 libsodium23 libsord-0-0 libsoxr0
#10 20.96   libspeex1 libsphinxbase3t64 libsqlite3-0 libsratom-0-0 libsrt1.5-gnutls
#10 20.97   libssh-4 libssh-gcrypt-4 libsvtav1enc1d1 libswresample4 libswscale7
#10 20.97   libsystemd-shared libthai-data libthai0 libtheora0 libtiff6 libtwolame0
#10 20.97   libudfread0 libunibreak5 libusb-1.0-0 libuv1t64 libva-drm2 libva-x11-2
#10 20.97   libva2 libvdpau1 libvidstab1.1 libvorbis0a libvorbisenc2 libvorbisfile3
#10 20.97   libvpl2 libvpx9 libvulkan1 libwayland-client0 libwayland-cursor0
#10 20.97   libwayland-egl1 libwebp7 libwebpmux3 libx11-6 libx11-data libx11-xcb1
#10 20.97   libx264-164 libx265-199 libxau6 libxcb-dri3-0 libxcb-glx0 libxcb-present0
#10 20.97   libxcb-randr0 libxcb-render0 libxcb-shape0 libxcb-shm0 libxcb-sync1
#10 20.97   libxcb-xfixes0 libxcb1 libxcomposite1 libxcursor1 libxdamage1 libxdmcp6
#10 20.97   libxext6 libxfixes3 libxi6 libxinerama1 libxkbcommon0 libxml2 libxmuu1
#10 20.97   libxpm4 libxrandr2 libxrender1 libxshmfence1 libxss1 libxtst6 libxv1
#10 20.97   libxvidcore4 libxxf86vm1 libzimg2 libzix-0-0 libzmq5 libzvbi-common
#10 20.97   libzvbi0t64 linux-libc-dev manpages manpages-dev media-types mesa-libgallium
#10 20.97   mesa-va-drivers mesa-vdpau-drivers mesa-vulkan-drivers nano netbase
#10 20.97   networkd-dispatcher ocl-icd-libopencl1 openssh-client openssl patch perl
#10 20.97   perl-modules-5.38 pinentry-curses pocketsphinx-en-us publicsuffix python3
#10 20.97   python3-dbus python3-gi python3-minimal python3-pkg-resources python3.12
#10 20.97   python3.12-minimal readline-common rpcsvc-proto session-migration
#10 20.97   shared-mime-info sqlite3 supervisor systemd systemd-dev systemd-resolved
#10 20.97   systemd-sysv systemd-timesyncd tzdata ubuntu-mono unzip va-driver-all
#10 20.97   vdpau-driver-all x11-common xauth xdg-user-dirs xkb-data zip zlib1g-dev
#10 21.36 0 upgraded, 364 newly installed, 0 to remove and 0 not upgraded.
#10 21.36 Need to get 240 MB of archives.
#10 21.36 After this operation, 870 MB of additional disk space will be used.
#10 21.36 Get:1 http://archive.ubuntu.com/ubuntu noble-updates/main amd64 libpython3.12-minimal amd64 3.12.3-1ubuntu0.13 [837 kB]
#10 22.05 Get:2 http://archive.ubuntu.com/ubuntu noble-updates/main amd64 libexpat1 amd64 2.6.1-2ubuntu0.4 [88.2 kB]
#10 22.16 Get:3 http://archive.ubuntu.com/ubuntu noble-updates/main amd64 python3.12-minimal amd64 3.12.3-1ubuntu0.13 [2346 kB]
#10 22.94 Get:4 http://archive.ubuntu.com/ubuntu noble-updates/main amd64 python3-minimal amd64 3.12.3-0ubuntu2.1 [27.4 kB]
#10 23.03 Get:5 http://archive.ubuntu.com/ubuntu noble/main amd64 media-types all 10.1.0 [27.5 kB]
#10 23.13 Get:6 http://archive.ubuntu.com/ubuntu noble/main amd64 netbase all 6.4 [13.1 kB]
#10 23.22 Get:7 http://archive.ubuntu.com/ubuntu noble-updates/main amd64 tzdata all 2026a-0ubuntu0.24.04.1 [280 kB]
#10 23.47 Get:8 http://archive.ubuntu.com/ubuntu noble/main amd64 readline-common all 8.2-4build1 [56.5 kB]
#10 23.59 Get:9 http://archive.ubuntu.com/ubuntu noble/main amd64 libreadline8t64 amd64 8.2-4build1 [153 kB]
#10 23.71 Get:10 http://archive.ubuntu.com/ubuntu noble-updates/main amd64 libsqlite3-0 amd64 3.45.1-1ubuntu2.5 [701 kB]
#10 24.03 Get:11 http://archive.ubuntu.com/ubuntu noble-updates/main amd64 libpython3.12-stdlib amd64 3.12.3-1ubuntu0.13 [2068 kB]
#10 24.48 Get:12 http://archive.ubuntu.com/ubuntu noble-updates/main amd64 python3.12 amd64 3.12.3-1ubuntu0.13 [662 kB]
#10 24.69 Get:13 http://archive.ubuntu.com/ubuntu noble-updates/main amd64 libpython3-stdlib amd64 3.12.3-0ubuntu2.1 [10.1 kB]
#10 24.78 Get:14 http://archive.ubuntu.com/ubuntu noble-updates/main amd64 python3 amd64 3.12.3-0ubuntu2.1 [23.0 kB]
#10 24.88 Get:15 http://archive.ubuntu.com/ubuntu noble-updates/main amd64 libapparmor1 amd64 4.0.1really4.0.1-0ubuntu0.24.04.6 [51.2 kB]
#10 24.99 Get:16 http://archive.ubuntu.com/ubuntu noble/main amd64 libargon2-1 amd64 0~20190702+dfsg-4build1 [20.8 kB]
#10 25.08 Get:17 http://archive.ubuntu.com/ubuntu noble-updates/main amd64 libdevmapper1.02.1 amd64 2:1.02.185-3ubuntu3.2 [139 kB]
#10 25.20 Get:18 http://archive.ubuntu.com/ubuntu noble/main amd64 libjson-c5 amd64 0.17-1build1 [35.3 kB]
#10 25.29 Get:19 http://archive.ubuntu.com/ubuntu noble-updates/main amd64 libcryptsetup12 amd64 2:2.7.0-1ubuntu4.2 [266 kB]
#10 25.43 Get:20 http://archive.ubuntu.com/ubuntu noble-updates/main amd64 libfdisk1 amd64 2.39.3-9ubuntu6.5 [146 kB]
#10 25.55 Get:21 http://archive.ubuntu.com/ubuntu noble-updates/main amd64 libkmod2 amd64 31+20240202-2ubuntu7.1 [51.7 kB]
#10 25.65 Get:22 http://archive.ubuntu.com/ubuntu noble-updates/main amd64 libsystemd-shared amd64 255.4-1ubuntu8.15 [2076 kB]
#10 26.07 Get:23 http://archive.ubuntu.com/ubuntu noble-updates/main amd64 systemd-dev all 255.4-1ubuntu8.15 [106 kB]
#10 26.24 Get:24 http://archive.ubuntu.com/ubuntu noble-updates/main amd64 systemd amd64 255.4-1ubuntu8.15 [3475 kB]
#10 27.03 Get:25 http://archive.ubuntu.com/ubuntu noble-updates/main amd64 systemd-sysv amd64 255.4-1ubuntu8.15 [11.9 kB]
#10 27.13 Get:26 http://archive.ubuntu.com/ubuntu noble-updates/main amd64 perl-modules-5.38 all 5.38.2-3.2ubuntu0.2 [3110 kB]
#10 27.78 Get:27 http://archive.ubuntu.com/ubuntu noble/main amd64 libgdbm6t64 amd64 1.23-5.1build1 [34.4 kB]
#10 27.88 Get:28 http://archive.ubuntu.com/ubuntu noble/main amd64 libgdbm-compat4t64 amd64 1.23-5.1build1 [6710 B]
#10 27.99 Get:29 http://archive.ubuntu.com/ubuntu noble-updates/main amd64 libperl5.38t64 amd64 5.38.2-3.2ubuntu0.2 [4874 kB]
#10 29.82 Get:30 http://archive.ubuntu.com/ubuntu noble-updates/main amd64 perl amd64 5.38.2-3.2ubuntu0.2 [231 kB]
#10 29.97 Get:31 http://archive.ubuntu.com/ubuntu noble-updates/main amd64 python3-pkg-resources all 68.1.2-2ubuntu1.2 [168 kB]
#10 30.17 Get:32 http://archive.ubuntu.com/ubuntu noble-updates/universe amd64 supervisor all 4.2.5-1ubuntu0.1 [286 kB]
#10 30.46 Get:33 http://archive.ubuntu.com/ubuntu noble/main amd64 adduser all 3.137ubuntu1 [101 kB]
#10 30.59 Get:34 http://archive.ubuntu.com/ubuntu noble-updates/main amd64 openssl amd64 3.0.13-0ubuntu3.9 [1002 kB]
#10 31.06 Get:35 http://archive.ubuntu.com/ubuntu noble/main amd64 ca-certificates all 20240203 [159 kB]
#10 31.19 Get:36 http://archive.ubuntu.com/ubuntu noble-updates/main amd64 libdbus-1-3 amd64 1.14.10-4ubuntu4.1 [210 kB]
#10 31.36 Get:37 http://archive.ubuntu.com/ubuntu noble-updates/main amd64 dbus-bin amd64 1.14.10-4ubuntu4.1 [39.3 kB]
#10 31.47 Get:38 http://archive.ubuntu.com/ubuntu noble-updates/main amd64 dbus-session-bus-common all 1.14.10-4ubuntu4.1 [80.5 kB]
#10 31.59 Get:39 http://archive.ubuntu.com/ubuntu noble-updates/main amd64 dbus-daemon amd64 1.14.10-4ubuntu4.1 [118 kB]
#10 31.78 Get:40 http://archive.ubuntu.com/ubuntu noble-updates/main amd64 dbus-system-bus-common all 1.14.10-4ubuntu4.1 [81.6 kB]
#10 31.96 Get:41 http://archive.ubuntu.com/ubuntu noble-updates/main amd64 dbus amd64 1.14.10-4ubuntu4.1 [24.3 kB]
#10 32.06 Get:42 http://archive.ubuntu.com/ubuntu noble-updates/main amd64 libpam-systemd amd64 255.4-1ubuntu8.15 [235 kB]
#10 32.22 Get:43 http://archive.ubuntu.com/ubuntu noble-updates/main amd64 dbus-user-session amd64 1.14.10-4ubuntu4.1 [9968 B]
#10 32.32 Get:44 http://archive.ubuntu.com/ubuntu noble-updates/main amd64 dmsetup amd64 2:1.02.185-3ubuntu3.2 [79.2 kB]
#10 32.46 Get:45 http://archive.ubuntu.com/ubuntu noble-updates/main amd64 libglib2.0-0t64 amd64 2.80.0-6ubuntu3.8 [1545 kB]
#10 33.23 Get:46 http://archive.ubuntu.com/ubuntu noble-updates/main amd64 gir1.2-glib-2.0 amd64 2.80.0-6ubuntu3.8 [183 kB]
#10 33.42 Get:47 http://archive.ubuntu.com/ubuntu noble/main amd64 libgirepository-1.0-1 amd64 1.80.1-1 [81.9 kB]
#10 33.53 Get:48 http://archive.ubuntu.com/ubuntu noble/main amd64 gir1.2-girepository-2.0 amd64 1.80.1-1 [24.5 kB]
#10 33.67 Get:49 http://archive.ubuntu.com/ubuntu noble-updates/main amd64 krb5-locales all 1.20.1-6ubuntu2.6 [14.8 kB]
#10 33.79 Get:50 http://archive.ubuntu.com/ubuntu noble-updates/main amd64 less amd64 590-2ubuntu2.1 [142 kB]
#10 33.95 Get:51 http://archive.ubuntu.com/ubuntu noble-updates/main amd64 libbsd0 amd64 0.12.1-1build1.1 [41.2 kB]
#10 34.08 Get:52 http://archive.ubuntu.com/ubuntu noble-updates/main amd64 libcap2-bin amd64 1:2.66-5ubuntu2.4 [34.1 kB]
#10 34.19 Get:53 http://archive.ubuntu.com/ubuntu noble-updates/main amd64 libelf1t64 amd64 0.190-1.1ubuntu0.1 [57.8 kB]
#10 34.31 Get:54 http://archive.ubuntu.com/ubuntu noble/main amd64 libfribidi0 amd64 1.0.13-3build1 [26.1 kB]
#10 34.42 Get:55 http://archive.ubuntu.com/ubuntu noble-updates/main amd64 libglib2.0-data all 2.80.0-6ubuntu3.8 [49.6 kB]
#10 34.57 Get:56 http://archive.ubuntu.com/ubuntu noble-updates/main amd64 libkrb5support0 amd64 1.20.1-6ubuntu2.6 [34.4 kB]
#10 34.70 Get:57 http://archive.ubuntu.com/ubuntu noble-updates/main amd64 libk5crypto3 amd64 1.20.1-6ubuntu2.6 [82.0 kB]
#10 34.89 Get:58 http://archive.ubuntu.com/ubuntu noble/main amd64 libkeyutils1 amd64 1.6.3-3build1 [9490 B]
#10 34.99 Get:59 http://archive.ubuntu.com/ubuntu noble-updates/main amd64 libkrb5-3 amd64 1.20.1-6ubuntu2.6 [348 kB]
#10 35.22 Get:60 http://archive.ubuntu.com/ubuntu noble-updates/main amd64 libgssapi-krb5-2 amd64 1.20.1-6ubuntu2.6 [143 kB]
#10 35.37 Get:61 http://archive.ubuntu.com/ubuntu noble-updates/main amd64 libicu74 amd64 74.2-1ubuntu3.1 [10.9 MB]
#10 38.23 Get:62 http://archive.ubuntu.com/ubuntu noble-updates/main amd64 libnss-systemd amd64 255.4-1ubuntu8.15 [159 kB]
#10 38.49 Get:63 http://archive.ubuntu.com/ubuntu noble-updates/main amd64 libpam-cap amd64 1:2.66-5ubuntu2.4 [12.5 kB]
#10 38.59 Get:64 http://archive.ubuntu.com/ubuntu noble/main amd64 libslang2 amd64 2.3.3-3build2 [506 kB]
#10 38.78 Get:65 http://archive.ubuntu.com/ubuntu noble-updates/main amd64 libxml2 amd64 2.9.14+dfsg-1.3ubuntu3.7 [764 kB]
#10 39.07 Get:66 http://archive.ubuntu.com/ubuntu noble/main amd64 python3-dbus amd64 1.3.2-5build3 [100 kB]
#10 39.20 Get:67 http://archive.ubuntu.com/ubuntu noble/main amd64 python3-gi amd64 3.48.2-1 [232 kB]
#10 39.36 Get:68 http://archive.ubuntu.com/ubuntu noble/main amd64 networkd-dispatcher all 2.2.4-1 [15.5 kB]
#10 39.46 Get:69 http://archive.ubuntu.com/ubuntu noble/main amd64 shared-mime-info amd64 2.4-4 [474 kB]
#10 39.66 Get:70 http://archive.ubuntu.com/ubuntu noble-updates/main amd64 systemd-resolved amd64 255.4-1ubuntu8.15 [296 kB]
#10 39.90 Get:71 http://archive.ubuntu.com/ubuntu noble-updates/main amd64 systemd-timesyncd amd64 255.4-1ubuntu8.15 [35.3 kB]
#10 40.01 Get:72 http://archive.ubuntu.com/ubuntu noble/main amd64 xdg-user-dirs amd64 0.18-1build1 [18.4 kB]
#10 40.15 Get:73 http://archive.ubuntu.com/ubuntu noble-updates/main amd64 xkb-data all 2.41-2ubuntu1.1 [397 kB]
#10 40.45 Get:74 http://archive.ubuntu.com/ubuntu noble/main amd64 libuv1t64 amd64 1.48.0-1.1build1 [97.3 kB]
#10 40.60 Get:75 http://archive.ubuntu.com/ubuntu noble/main amd64 libedit2 amd64 3.1-20230828-1build1 [97.6 kB]
#10 40.74 Get:76 http://archive.ubuntu.com/ubuntu noble/main amd64 liblmdb0 amd64 0.9.31-1build1 [48.1 kB]
#10 40.85 Get:77 http://archive.ubuntu.com/ubuntu noble/main amd64 libmaxminddb0 amd64 1.9.1-1build1 [24.4 kB]
#10 40.96 Get:78 http://archive.ubuntu.com/ubuntu noble-updates/main amd64 libnghttp2-14 amd64 1.59.0-1ubuntu0.2 [74.3 kB]
#10 41.10 Get:79 http://archive.ubuntu.com/ubuntu noble-updates/main amd64 bind9-libs amd64 1:9.18.39-0ubuntu0.24.04.3 [1257 kB]
#10 41.58 Get:80 http://archive.ubuntu.com/ubuntu noble-updates/main amd64 bind9-host amd64 1:9.18.39-0ubuntu0.24.04.3 [50.5 kB]
#10 41.72 Get:81 http://archive.ubuntu.com/ubuntu noble-updates/main amd64 bind9-dnsutils amd64 1:9.18.39-0ubuntu0.24.04.3 [156 kB]
#10 42.01 Get:82 http://archive.ubuntu.com/ubuntu noble/main amd64 libcbor0.10 amd64 0.10.2-1.2ubuntu2 [25.8 kB]
#10 42.14 Get:83 http://archive.ubuntu.com/ubuntu noble-updates/main amd64 libdrm-common all 2.4.125-1ubuntu0.1~24.04.1 [9174 B]
#10 42.24 Get:84 http://archive.ubuntu.com/ubuntu noble-updates/main amd64 libdrm2 amd64 2.4.125-1ubuntu0.1~24.04.1 [41.3 kB]
#10 42.36 Get:85 http://archive.ubuntu.com/ubuntu noble/main amd64 libfido2-1 amd64 1.14.0-1build3 [83.5 kB]
#10 42.51 Get:86 http://archive.ubuntu.com/ubuntu noble-updates/main amd64 libnuma1 amd64 2.0.18-1ubuntu0.24.04.1 [23.4 kB]
#10 42.72 Get:87 http://archive.ubuntu.com/ubuntu noble-updates/main amd64 libpng16-16t64 amd64 1.6.43-5ubuntu0.5 [188 kB]
#10 42.93 Get:88 http://archive.ubuntu.com/ubuntu noble/main amd64 libpsl5t64 amd64 0.21.2-1.1build1 [57.1 kB]
#10 43.16 Get:89 http://archive.ubuntu.com/ubuntu noble/main amd64 libsensors-config all 1:3.6.0-9build1 [5546 B]
#10 43.31 Get:90 http://archive.ubuntu.com/ubuntu noble/main amd64 libsensors5 amd64 1:3.6.0-9build1 [26.6 kB]
#10 43.41 Get:91 http://archive.ubuntu.com/ubuntu noble/main amd64 libusb-1.0-0 amd64 2:1.0.27-1 [54.0 kB]
#10 43.58 Get:92 http://archive.ubuntu.com/ubuntu noble/main amd64 libxau6 amd64 1:1.0.9-1build6 [7160 B]
#10 43.89 Get:93 http://archive.ubuntu.com/ubuntu noble/main amd64 libxdmcp6 amd64 1:1.1.3-0ubuntu6 [10.3 kB]
#10 44.06 Get:94 http://archive.ubuntu.com/ubuntu noble/main amd64 libxcb1 amd64 1.15-1ubuntu2 [47.7 kB]
#10 44.30 Get:95 http://archive.ubuntu.com/ubuntu noble/main amd64 libx11-data all 2:1.8.7-1build1 [115 kB]
#10 44.60 Get:96 http://archive.ubuntu.com/ubuntu noble/main amd64 libx11-6 amd64 2:1.8.7-1build1 [650 kB]
#10 45.21 Get:97 http://archive.ubuntu.com/ubuntu noble/main amd64 libxext6 amd64 2:1.3.4-1build2 [30.4 kB]
#10 45.43 Get:98 http://archive.ubuntu.com/ubuntu noble/main amd64 libxkbcommon0 amd64 1.6.0-1build1 [122 kB]
#10 45.64 Get:99 http://archive.ubuntu.com/ubuntu noble/main amd64 libxmuu1 amd64 2:1.1.3-3build2 [8958 B]
#10 45.75 Get:100 http://archive.ubuntu.com/ubuntu noble/main amd64 manpages all 6.7-2 [1384 kB]
#10 46.39 Get:101 http://archive.ubuntu.com/ubuntu noble-updates/main amd64 nano amd64 7.2-2ubuntu0.1 [282 kB]
#10 46.85 Get:102 http://archive.ubuntu.com/ubuntu noble-updates/main amd64 openssh-client amd64 1:9.6p1-3ubuntu13.16 [907 kB]
#10 47.49 Get:103 http://archive.ubuntu.com/ubuntu noble/main amd64 publicsuffix all 20231001.0357-0.1 [129 kB]
#10 47.59 Get:104 http://archive.ubuntu.com/ubuntu noble/main amd64 xauth amd64 1:1.1.2-1build1 [25.6 kB]
#10 47.68 Get:105 http://archive.ubuntu.com/ubuntu noble-updates/main amd64 libgdk-pixbuf2.0-common all 2.42.10+dfsg-3ubuntu3.3 [8302 B]
#10 47.76 Get:106 http://archive.ubuntu.com/ubuntu noble/main amd64 libjpeg-turbo8 amd64 2.1.5-2ubuntu2 [150 kB]
#10 47.87 Get:107 http://archive.ubuntu.com/ubuntu noble/main amd64 libjpeg8 amd64 8c-2ubuntu11 [2148 B]
#10 47.95 Get:108 http://archive.ubuntu.com/ubuntu noble-updates/main amd64 libdeflate0 amd64 1.19-1build1.1 [43.9 kB]
#10 48.05 Get:109 http://archive.ubuntu.com/ubuntu noble/main amd64 libjbig0 amd64 2.1-6.1ubuntu2 [29.7 kB]
#10 48.14 Get:110 http://archive.ubuntu.com/ubuntu noble/main amd64 liblerc4 amd64 4.0.0+ds-4ubuntu2 [179 kB]
#10 48.25 Get:111 http://archive.ubuntu.com/ubuntu noble/main amd64 libsharpyuv0 amd64 1.3.2-0.4build3 [15.8 kB]
#10 48.34 Get:112 http://archive.ubuntu.com/ubuntu noble/main amd64 libwebp7 amd64 1.3.2-0.4build3 [230 kB]
#10 48.48 Get:113 http://archive.ubuntu.com/ubuntu noble-updates/main amd64 libtiff6 amd64 4.5.1+git230720-4ubuntu2.5 [200 kB]
#10 48.59 Get:114 http://archive.ubuntu.com/ubuntu noble-updates/main amd64 libgdk-pixbuf-2.0-0 amd64 2.42.10+dfsg-3ubuntu3.3 [147 kB]
#10 48.70 Get:115 http://archive.ubuntu.com/ubuntu noble-updates/main amd64 gtk-update-icon-cache amd64 3.24.41-4ubuntu1.3 [51.9 kB]
#10 48.79 Get:116 http://archive.ubuntu.com/ubuntu noble/main amd64 hicolor-icon-theme all 0.17-2 [9976 B]
#10 48.87 Get:117 http://archive.ubuntu.com/ubuntu noble/main amd64 humanity-icon-theme all 0.6.16 [1282 kB]
#10 49.16 Get:118 http://archive.ubuntu.com/ubuntu noble/main amd64 ubuntu-mono all 24.04-0ubuntu1 [151 kB]
#10 49.26 Get:119 http://archive.ubuntu.com/ubuntu noble/main amd64 adwaita-icon-theme all 46.0-1 [723 kB]
#10 49.60 Get:120 http://archive.ubuntu.com/ubuntu noble/main amd64 alsa-topology-conf all 1.2.5.1-2 [15.5 kB]
#10 49.70 Get:121 http://archive.ubuntu.com/ubuntu noble-updates/main amd64 libasound2-data all 1.2.11-1ubuntu0.2 [21.3 kB]
#10 49.79 Get:122 http://archive.ubuntu.com/ubuntu noble-updates/main amd64 libasound2t64 amd64 1.2.11-1ubuntu0.2 [398 kB]
#10 50.16 Get:123 http://archive.ubuntu.com/ubuntu noble-updates/main amd64 alsa-ucm-conf all 1.2.10-1ubuntu5.10 [68.6 kB]
#10 50.30 Get:124 http://archive.ubuntu.com/ubuntu noble/main amd64 at-spi2-common all 2.52.0-1build1 [8674 B]
#10 50.38 Get:125 http://archive.ubuntu.com/ubuntu noble/main amd64 libxi6 amd64 2:1.8.1-1build1 [32.4 kB]
#10 50.47 Get:126 http://archive.ubuntu.com/ubuntu noble/main amd64 libatspi2.0-0t64 amd64 2.52.0-1build1 [80.5 kB]
#10 50.58 Get:127 http://archive.ubuntu.com/ubuntu noble/main amd64 x11-common all 1:7.7+23ubuntu3 [21.7 kB]
#10 50.66 Get:128 http://archive.ubuntu.com/ubuntu noble/main amd64 libxtst6 amd64 2:1.2.3-1.1build1 [12.6 kB]
#10 50.75 Get:129 http://archive.ubuntu.com/ubuntu noble-updates/main amd64 libdconf1 amd64 0.40.0-4ubuntu0.1 [39.6 kB]
#10 50.86 Get:130 http://archive.ubuntu.com/ubuntu noble-updates/main amd64 dconf-service amd64 0.40.0-4ubuntu0.1 [27.6 kB]
#10 50.96 Get:131 http://archive.ubuntu.com/ubuntu noble-updates/main amd64 dconf-gsettings-backend amd64 0.40.0-4ubuntu0.1 [22.1 kB]
#10 51.22 Get:132 http://archive.ubuntu.com/ubuntu noble/main amd64 session-migration amd64 0.3.9build1 [9034 B]
#10 51.69 Get:133 http://archive.ubuntu.com/ubuntu noble-updates/main amd64 gsettings-desktop-schemas all 46.1-0ubuntu1 [35.6 kB]
#10 52.16 Get:134 http://archive.ubuntu.com/ubuntu noble/main amd64 at-spi2-core amd64 2.52.0-1build1 [56.6 kB]
#10 52.42 Get:135 http://archive.ubuntu.com/ubuntu noble/main amd64 libbrotli1 amd64 1.1.0-2build2 [331 kB]
#10 53.55 Get:136 http://archive.ubuntu.com/ubuntu noble-updates/main amd64 libsasl2-modules-db amd64 2.1.28+dfsg1-5ubuntu3.1 [20.4 kB]
#10 53.67 Get:137 http://archive.ubuntu.com/ubuntu noble-updates/main amd64 libsasl2-2 amd64 2.1.28+dfsg1-5ubuntu3.1 [53.2 kB]
#10 53.84 Get:138 http://archive.ubuntu.com/ubuntu noble-updates/main amd64 libldap2 amd64 2.6.10+dfsg-0ubuntu0.24.04.1 [198 kB]
#10 54.22 Get:139 http://archive.ubuntu.com/ubuntu noble/main amd64 librtmp1 amd64 2.4+20151223.gitfa8646d.1-2build7 [56.3 kB]
#10 54.40 Get:140 http://archive.ubuntu.com/ubuntu noble-updates/main amd64 libssh-4 amd64 0.10.6-2ubuntu0.4 [190 kB]
#10 54.77 Get:141 http://archive.ubuntu.com/ubuntu noble-updates/main amd64 libcurl4t64 amd64 8.5.0-2ubuntu10.8 [342 kB]
#10 55.14 Get:142 http://archive.ubuntu.com/ubuntu noble-updates/main amd64 curl amd64 8.5.0-2ubuntu10.8 [227 kB]
#10 55.51 Get:143 http://archive.ubuntu.com/ubuntu noble-updates/main amd64 gpgconf amd64 2.4.4-2ubuntu17.4 [104 kB]
#10 55.70 Get:144 http://archive.ubuntu.com/ubuntu noble/main amd64 libksba8 amd64 1.6.6-1build1 [122 kB]
#10 55.93 Get:145 http://archive.ubuntu.com/ubuntu noble-updates/main amd64 dirmngr amd64 2.4.4-2ubuntu17.4 [323 kB]
#10 56.27 Get:146 http://archive.ubuntu.com/ubuntu noble-updates/universe amd64 dnsutils all 1:9.18.39-0ubuntu0.24.04.3 [3684 B]
#10 56.35 Get:147 http://archive.ubuntu.com/ubuntu noble-updates/main amd64 libaom3 amd64 3.8.2-2ubuntu0.1 [1941 kB]
#10 58.00 Get:148 http://archive.ubuntu.com/ubuntu noble-updates/universe amd64 libva2 amd64 2.20.0-2ubuntu0.1 [66.3 kB]
#10 58.16 Get:149 http://archive.ubuntu.com/ubuntu noble-updates/universe amd64 libva-drm2 amd64 2.20.0-2ubuntu0.1 [7132 B]
#10 58.25 Get:150 http://archive.ubuntu.com/ubuntu noble/main amd64 libx11-xcb1 amd64 2:1.8.7-1build1 [7800 B]
#10 58.34 Get:151 http://archive.ubuntu.com/ubuntu noble/main amd64 libxcb-dri3-0 amd64 1.15-1ubuntu2 [7142 B]
#10 58.44 Get:152 http://archive.ubuntu.com/ubuntu noble/main amd64 libxfixes3 amd64 1:6.0.0-2build1 [10.8 kB]
#10 58.53 Get:153 http://archive.ubuntu.com/ubuntu noble-updates/universe amd64 libva-x11-2 amd64 2.20.0-2ubuntu0.1 [12.0 kB]
#10 58.64 Get:154 http://archive.ubuntu.com/ubuntu noble/main amd64 libvdpau1 amd64 1.5-2build1 [27.8 kB]
#10 58.76 Get:155 http://archive.ubuntu.com/ubuntu noble-updates/main amd64 libpciaccess0 amd64 0.17-3ubuntu0.24.04.2 [18.9 kB]
#10 58.85 Get:156 http://archive.ubuntu.com/ubuntu noble-updates/main amd64 libdrm-intel1 amd64 2.4.125-1ubuntu0.1~24.04.1 [63.8 kB]
#10 58.97 Get:157 http://archive.ubuntu.com/ubuntu noble/main amd64 libwayland-client0 amd64 1.22.0-2.1build1 [26.4 kB]
#10 59.07 Get:158 http://archive.ubuntu.com/ubuntu noble/universe amd64 libvpl2 amd64 2023.3.0-1build1 [99.8 kB]
#10 59.21 Get:159 http://archive.ubuntu.com/ubuntu noble/universe amd64 ocl-icd-libopencl1 amd64 2.3.2-1build1 [38.5 kB]
#10 59.31 Get:160 http://archive.ubuntu.com/ubuntu noble/universe amd64 libavutil58 amd64 7:6.1.1-3ubuntu5 [401 kB]
#10 59.60 Get:161 http://archive.ubuntu.com/ubuntu noble-updates/main amd64 libfreetype6 amd64 2.13.2+dfsg-1ubuntu0.1 [402 kB]
#10 59.86 Get:162 http://archive.ubuntu.com/ubuntu noble/main amd64 fonts-dejavu-mono all 2.37-8 [502 kB]
#10 60.18 Get:163 http://archive.ubuntu.com/ubuntu noble/main amd64 fonts-dejavu-core all 2.37-8 [835 kB]
#10 60.59 Get:164 http://archive.ubuntu.com/ubuntu noble/main amd64 fontconfig-config amd64 2.15.0-1.1ubuntu2 [37.3 kB]
#10 60.71 Get:165 http://archive.ubuntu.com/ubuntu noble/main amd64 libfontconfig1 amd64 2.15.0-1.1ubuntu2 [139 kB]
#10 61.04 Get:166 http://archive.ubuntu.com/ubuntu noble/main amd64 libpixman-1-0 amd64 0.42.2-1build1 [279 kB]
#10 61.53 Get:167 http://archive.ubuntu.com/ubuntu noble/main amd64 libxcb-render0 amd64 1.15-1ubuntu2 [16.2 kB]
#10 61.63 Get:168 http://archive.ubuntu.com/ubuntu noble/main amd64 libxcb-shm0 amd64 1.15-1ubuntu2 [5756 B]
#10 61.74 Get:169 http://archive.ubuntu.com/ubuntu noble/main amd64 libxrender1 amd64 1:0.9.10-1.1build1 [19.0 kB]
#10 61.91 Get:170 http://archive.ubuntu.com/ubuntu noble/main amd64 libcairo2 amd64 1.18.0-3build1 [566 kB]
#10 62.24 Get:171 http://archive.ubuntu.com/ubuntu noble/universe amd64 libcodec2-1.2 amd64 1.2.0-2build1 [8998 kB]
#10 64.65 Get:172 http://archive.ubuntu.com/ubuntu noble/universe amd64 libdav1d7 amd64 1.4.1-1build1 [604 kB]
#10 64.91 Get:173 http://archive.ubuntu.com/ubuntu noble/universe amd64 libgsm1 amd64 1.0.22-1build1 [27.8 kB]
#10 65.06 Get:174 http://archive.ubuntu.com/ubuntu noble/universe amd64 libhwy1t64 amd64 1.0.7-8.1build1 [584 kB]
#10 65.38 Get:175 http://archive.ubuntu.com/ubuntu noble-updates/main amd64 liblcms2-2 amd64 2.14-2ubuntu0.1 [161 kB]
#10 65.54 Get:176 http://archive.ubuntu.com/ubuntu noble-updates/universe amd64 libjxl0.7 amd64 0.7.0-10.2ubuntu6.1 [1001 kB]
#10 66.00 Get:177 http://archive.ubuntu.com/ubuntu noble/main amd64 libmp3lame0 amd64 3.100-6build1 [142 kB]
#10 66.12 Get:178 http://archive.ubuntu.com/ubuntu noble-updates/main amd64 libopenjp2-7 amd64 2.5.0-2ubuntu0.4 [173 kB]
#10 66.28 Get:179 http://archive.ubuntu.com/ubuntu noble/main amd64 libopus0 amd64 1.4-1build1 [208 kB]
#10 66.46 Get:180 http://archive.ubuntu.com/ubuntu noble/universe amd64 librav1e0 amd64 0.7.1-2 [1022 kB]
#10 66.71 Get:181 http://archive.ubuntu.com/ubuntu noble/main amd64 libcairo-gobject2 amd64 1.18.0-3build1 [127 kB]
#10 66.82 Get:182 http://archive.ubuntu.com/ubuntu noble/main amd64 fontconfig amd64 2.15.0-1.1ubuntu2 [180 kB]
#10 66.95 Get:183 http://archive.ubuntu.com/ubuntu noble/main amd64 libgraphite2-3 amd64 1.3.14-2build1 [73.0 kB]
#10 67.06 Get:184 http://archive.ubuntu.com/ubuntu noble/main amd64 libharfbuzz0b amd64 8.3.0-2build2 [469 kB]
#10 67.22 Get:185 http://archive.ubuntu.com/ubuntu noble/main amd64 libthai-data all 0.1.29-2build1 [158 kB]
#10 67.34 Get:186 http://archive.ubuntu.com/ubuntu noble/main amd64 libdatrie1 amd64 0.2.13-3build1 [19.0 kB]
#10 67.42 Get:187 http://archive.ubuntu.com/ubuntu noble/main amd64 libthai0 amd64 0.1.29-2build1 [18.9 kB]
#10 67.51 Get:188 http://archive.ubuntu.com/ubuntu noble/main amd64 libpango-1.0-0 amd64 1.52.1+ds-1build1 [231 kB]
#10 67.66 Get:189 http://archive.ubuntu.com/ubuntu noble/main amd64 libpangoft2-1.0-0 amd64 1.52.1+ds-1build1 [42.5 kB]
#10 67.76 Get:190 http://archive.ubuntu.com/ubuntu noble/main amd64 libpangocairo-1.0-0 amd64 1.52.1+ds-1build1 [28.8 kB]
#10 67.86 Get:191 http://archive.ubuntu.com/ubuntu noble/main amd64 librsvg2-2 amd64 2.58.0+dfsg-1build1 [2135 kB]
#10 68.68 Get:192 http://archive.ubuntu.com/ubuntu noble/universe amd64 libshine3 amd64 3.1.1-2build1 [23.2 kB]
#10 68.79 Get:193 http://archive.ubuntu.com/ubuntu noble/main amd64 libsnappy1v5 amd64 1.1.10-1build1 [28.6 kB]
#10 68.91 Get:194 http://archive.ubuntu.com/ubuntu noble-updates/main amd64 libspeex1 amd64 1.2.1-2ubuntu2.24.04.1 [59.6 kB]
#10 69.03 Get:195 http://archive.ubuntu.com/ubuntu noble/universe amd64 libsvtav1enc1d1 amd64 1.7.0+dfsg-2build1 [2425 kB]
#10 69.68 Get:196 http://archive.ubuntu.com/ubuntu noble-updates/main amd64 libgomp1 amd64 14.2.0-4ubuntu2~24.04.1 [148 kB]
#10 69.80 Get:197 http://archive.ubuntu.com/ubuntu noble/universe amd64 libsoxr0 amd64 0.1.3-4build3 [80.0 kB]
#10 70.03 Get:198 http://archive.ubuntu.com/ubuntu noble/universe amd64 libswresample4 amd64 7:6.1.1-3ubuntu5 [63.8 kB]
#10 70.23 Get:199 http://archive.ubuntu.com/ubuntu noble/main amd64 libogg0 amd64 1.3.5-3build1 [22.7 kB]
#10 70.33 Get:200 http://archive.ubuntu.com/ubuntu noble/main amd64 libtheora0 amd64 1.1.1+dfsg.1-16.1build3 [211 kB]
#10 70.57 Get:201 http://archive.ubuntu.com/ubuntu noble/main amd64 libtwolame0 amd64 0.4.0-2build3 [52.3 kB]
#10 70.73 Get:202 http://archive.ubuntu.com/ubuntu noble/main amd64 libvorbis0a amd64 1.3.7-1build3 [97.6 kB]
#10 70.95 Get:203 http://archive.ubuntu.com/ubuntu noble/main amd64 libvorbisenc2 amd64 1.3.7-1build3 [80.8 kB]
#10 71.28 Get:204 http://archive.ubuntu.com/ubuntu noble-updates/main amd64 libvpx9 amd64 1.14.0-1ubuntu2.3 [1143 kB]
#10 72.00 Get:205 http://archive.ubuntu.com/ubuntu noble/main amd64 libwebpmux3 amd64 1.3.2-0.4build3 [25.7 kB]
#10 72.10 Get:206 http://archive.ubuntu.com/ubuntu noble/universe amd64 libx264-164 amd64 2:0.164.3108+git31e19f9-1 [604 kB]
#10 72.37 Get:207 http://archive.ubuntu.com/ubuntu noble/universe amd64 libx265-199 amd64 3.5-2build1 [1226 kB]
#10 72.75 Get:208 http://archive.ubuntu.com/ubuntu noble/universe amd64 libxvidcore4 amd64 2:1.3.7-1build1 [219 kB]
#10 72.88 Get:209 http://archive.ubuntu.com/ubuntu noble/universe amd64 libzvbi-common all 0.2.42-2 [42.4 kB]
#10 72.98 Get:210 http://archive.ubuntu.com/ubuntu noble/universe amd64 libzvbi0t64 amd64 0.2.42-2 [261 kB]
#10 73.11 Get:211 http://archive.ubuntu.com/ubuntu noble/universe amd64 libavcodec60 amd64 7:6.1.1-3ubuntu5 [5851 kB]
#10 74.55 Get:212 http://archive.ubuntu.com/ubuntu noble/main amd64 libraw1394-11 amd64 2.1.2-2build3 [26.2 kB]
#10 74.65 Get:213 http://archive.ubuntu.com/ubuntu noble/main amd64 libavc1394-0 amd64 0.5.4-5build3 [15.4 kB]
#10 74.76 Get:214 http://archive.ubuntu.com/ubuntu noble/universe amd64 libunibreak5 amd64 5.1-2build1 [25.0 kB]
#10 74.86 Get:215 http://archive.ubuntu.com/ubuntu noble/universe amd64 libass9 amd64 1:0.17.1-2build1 [104 kB]
#10 74.98 Get:216 http://archive.ubuntu.com/ubuntu noble/universe amd64 libudfread0 amd64 1.1.2-1build1 [19.0 kB]
#10 75.07 Get:217 http://archive.ubuntu.com/ubuntu noble/universe amd64 libbluray2 amd64 1:1.3.4-1build1 [159 kB]
#10 75.19 Get:218 http://archive.ubuntu.com/ubuntu noble/universe amd64 libchromaprint1 amd64 1.5.1-5 [30.5 kB]
#10 75.31 Get:219 http://archive.ubuntu.com/ubuntu noble/universe amd64 libgme0 amd64 0.6.3-7build1 [134 kB]
#10 75.54 Get:220 http://archive.ubuntu.com/ubuntu noble-updates/main amd64 libmpg123-0t64 amd64 1.32.5-1ubuntu1.1 [169 kB]
#10 75.72 Get:221 http://archive.ubuntu.com/ubuntu noble/main amd64 libvorbisfile3 amd64 1.3.7-1build3 [17.1 kB]
#10 75.82 Get:222 http://archive.ubuntu.com/ubuntu noble/universe amd64 libopenmpt0t64 amd64 0.7.3-1.1build3 [647 kB]
#10 76.11 Get:223 http://archive.ubuntu.com/ubuntu noble/main amd64 librabbitmq4 amd64 0.11.0-1build2 [37.4 kB]
#10 76.35 Get:224 http://archive.ubuntu.com/ubuntu noble/universe amd64 libcjson1 amd64 1.7.17-1 [24.8 kB]
#10 76.52 Get:225 http://archive.ubuntu.com/ubuntu noble/universe amd64 libmbedcrypto7t64 amd64 2.28.8-1 [209 kB]
#10 77.26 Get:226 http://archive.ubuntu.com/ubuntu noble/universe amd64 librist4 amd64 0.2.10+dfsg-2 [74.9 kB]
#10 77.49 Get:227 http://archive.ubuntu.com/ubuntu noble/universe amd64 libsrt1.5-gnutls amd64 1.5.3-1build2 [316 kB]
#10 78.05 Get:228 http://archive.ubuntu.com/ubuntu noble-updates/main amd64 libssh-gcrypt-4 amd64 0.10.6-2ubuntu0.4 [225 kB]
#10 78.39 Get:229 http://archive.ubuntu.com/ubuntu noble/universe amd64 libnorm1t64 amd64 1.5.9+dfsg-3.1build1 [154 kB]
#10 78.62 Get:230 http://archive.ubuntu.com/ubuntu noble/universe amd64 libpgm-5.3-0t64 amd64 5.3.128~dfsg-2.1build1 [167 kB]
#10 78.88 Get:231 http://archive.ubuntu.com/ubuntu noble-updates/main amd64 libsodium23 amd64 1.0.18-1ubuntu0.24.04.1 [161 kB]
#10 79.12 Get:232 http://archive.ubuntu.com/ubuntu noble/universe amd64 libzmq5 amd64 4.3.5-1build2 [260 kB]
#10 79.42 Get:233 http://archive.ubuntu.com/ubuntu noble/universe amd64 libavformat60 amd64 7:6.1.1-3ubuntu5 [1153 kB]
#10 80.32 Get:234 http://archive.ubuntu.com/ubuntu noble/universe amd64 libbs2b0 amd64 3.1.0+dfsg-7build1 [10.6 kB]
#10 80.42 Get:235 http://archive.ubuntu.com/ubuntu noble/universe amd64 libflite1 amd64 2.2-6build3 [13.6 MB]
#10 84.86 Get:236 http://archive.ubuntu.com/ubuntu noble/universe amd64 libserd-0-0 amd64 0.32.2-1 [43.6 kB]
#10 84.95 Get:237 http://archive.ubuntu.com/ubuntu noble/universe amd64 libzix-0-0 amd64 0.4.2-2build1 [23.6 kB]
#10 85.05 Get:238 http://archive.ubuntu.com/ubuntu noble/universe amd64 libsord-0-0 amd64 0.16.16-2build1 [15.8 kB]
#10 85.13 Get:239 http://archive.ubuntu.com/ubuntu noble/universe amd64 libsratom-0-0 amd64 0.6.16-1build1 [17.3 kB]
#10 85.22 Get:240 http://archive.ubuntu.com/ubuntu noble/universe amd64 liblilv-0-0 amd64 0.24.22-1build1 [41.0 kB]
#10 85.32 Get:241 http://archive.ubuntu.com/ubuntu noble/universe amd64 libmysofa1 amd64 1.3.2+dfsg-2ubuntu2 [1158 kB]
#10 85.66 Get:242 http://archive.ubuntu.com/ubuntu noble/main amd64 libvulkan1 amd64 1.3.275.0-1build1 [142 kB]
#10 85.78 Get:243 http://archive.ubuntu.com/ubuntu noble/universe amd64 libplacebo338 amd64 6.338.2-2build1 [2654 kB]
#10 86.40 Get:244 http://archive.ubuntu.com/ubuntu noble-updates/main amd64 libblas3 amd64 3.12.0-3build1.1 [238 kB]
#10 86.65 Get:245 http://archive.ubuntu.com/ubuntu noble-updates/main amd64 libgfortran5 amd64 14.2.0-4ubuntu2~24.04.1 [916 kB]
#10 86.90 Get:246 http://archive.ubuntu.com/ubuntu noble-updates/main amd64 liblapack3 amd64 3.12.0-3build1.1 [2646 kB]
#10 87.43 Get:247 http://archive.ubuntu.com/ubuntu noble/main amd64 libasyncns0 amd64 0.8-6build4 [11.3 kB]
#10 87.52 Get:248 http://archive.ubuntu.com/ubuntu noble/main amd64 libflac12t64 amd64 1.4.3+ds-2.1ubuntu2 [197 kB]
#10 87.64 Get:249 http://archive.ubuntu.com/ubuntu noble-updates/main amd64 libsndfile1 amd64 1.2.2-1ubuntu5.24.04.1 [209 kB]
#10 87.76 Get:250 http://archive.ubuntu.com/ubuntu noble-updates/main amd64 libpulse0 amd64 1:16.1+dfsg1-2ubuntu10.1 [292 kB]
#10 87.89 Get:251 http://archive.ubuntu.com/ubuntu noble/universe amd64 libsphinxbase3t64 amd64 0.8+5prealpha+1-17build2 [126 kB]
#10 88.04 Get:252 http://archive.ubuntu.com/ubuntu noble/universe amd64 libpocketsphinx3 amd64 0.8.0+real5prealpha+1-15ubuntu5 [133 kB]
#10 88.14 Get:253 http://archive.ubuntu.com/ubuntu noble/universe amd64 libpostproc57 amd64 7:6.1.1-3ubuntu5 [49.9 kB]
#10 88.23 Get:254 http://archive.ubuntu.com/ubuntu noble/main amd64 libfftw3-double3 amd64 3.3.10-1ubuntu3 [838 kB]
#10 88.44 Get:255 http://archive.ubuntu.com/ubuntu noble/main amd64 libsamplerate0 amd64 0.2.2-4build1 [1344 kB]
#10 88.73 Get:256 http://archive.ubuntu.com/ubuntu noble/universe amd64 librubberband2 amd64 3.3.0+dfsg-2build1 [130 kB]
#10 88.84 Get:257 http://archive.ubuntu.com/ubuntu noble/universe amd64 libswscale7 amd64 7:6.1.1-3ubuntu5 [193 kB]
#10 89.06 Get:258 http://archive.ubuntu.com/ubuntu noble/universe amd64 libvidstab1.1 amd64 1.1.0-2build1 [38.5 kB]
#10 89.16 Get:259 http://archive.ubuntu.com/ubuntu noble/universe amd64 libzimg2 amd64 3.0.5+ds1-1build1 [254 kB]
#10 89.28 Get:260 http://archive.ubuntu.com/ubuntu noble/universe amd64 libavfilter9 amd64 7:6.1.1-3ubuntu5 [4235 kB]
#10 89.98 Get:261 http://archive.ubuntu.com/ubuntu noble-updates/main amd64 libcaca0 amd64 0.99.beta20-4ubuntu0.1 [209 kB]
#10 90.09 Get:262 http://archive.ubuntu.com/ubuntu noble-updates/main amd64 libcdio19t64 amd64 2.1.0-4.1ubuntu1.2 [62.4 kB]
#10 90.20 Get:263 http://archive.ubuntu.com/ubuntu noble/main amd64 libcdio-cdda2t64 amd64 10.2+2.0.1-1.1build2 [16.5 kB]
#10 90.30 Get:264 http://archive.ubuntu.com/ubuntu noble/main amd64 libcdio-paranoia2t64 amd64 10.2+2.0.1-1.1build2 [16.6 kB]
#10 90.39 Get:265 http://archive.ubuntu.com/ubuntu noble/universe amd64 libdc1394-25 amd64 2.2.6-4build1 [90.1 kB]
#10 90.50 Get:266 http://archive.ubuntu.com/ubuntu noble/main amd64 libglvnd0 amd64 1.7.0-1build1 [69.6 kB]
#10 90.61 Get:267 http://archive.ubuntu.com/ubuntu noble/main amd64 libxcb-glx0 amd64 1.15-1ubuntu2 [24.8 kB]
#10 90.72 Get:268 http://archive.ubuntu.com/ubuntu noble/main amd64 libxcb-present0 amd64 1.15-1ubuntu2 [5676 B]
#10 90.82 Get:269 http://archive.ubuntu.com/ubuntu noble/main amd64 libxcb-xfixes0 amd64 1.15-1ubuntu2 [10.2 kB]
#10 90.90 Get:270 http://archive.ubuntu.com/ubuntu noble/main amd64 libxxf86vm1 amd64 1:1.1.4-1build4 [9282 B]
#10 90.99 Get:271 http://archive.ubuntu.com/ubuntu noble-updates/main amd64 libdrm-amdgpu1 amd64 2.4.125-1ubuntu0.1~24.04.1 [21.4 kB]
#10 91.09 Get:272 http://archive.ubuntu.com/ubuntu noble-updates/main amd64 libllvm20 amd64 1:20.1.2-0ubuntu1~24.04.2 [30.6 MB]
#10 95.26 Get:273 http://archive.ubuntu.com/ubuntu noble/main amd64 libxcb-randr0 amd64 1.15-1ubuntu2 [17.9 kB]
#10 95.35 Get:274 http://archive.ubuntu.com/ubuntu noble/main amd64 libxcb-sync1 amd64 1.15-1ubuntu2 [9312 B]
#10 95.44 Get:275 http://archive.ubuntu.com/ubuntu noble/main amd64 libxshmfence1 amd64 1.3-1build5 [4764 B]
#10 95.54 Get:276 http://archive.ubuntu.com/ubuntu noble-updates/main amd64 mesa-libgallium amd64 25.2.8-0ubuntu0.24.04.1 [10.8 MB]
#10 97.00 Get:277 http://archive.ubuntu.com/ubuntu noble-updates/main amd64 libgbm1 amd64 25.2.8-0ubuntu0.24.04.1 [34.2 kB]
#10 97.10 Get:278 http://archive.ubuntu.com/ubuntu noble-updates/main amd64 libgl1-mesa-dri amd64 25.2.8-0ubuntu0.24.04.1 [37.9 kB]
#10 97.20 Get:279 http://archive.ubuntu.com/ubuntu noble-updates/main amd64 libglx-mesa0 amd64 25.2.8-0ubuntu0.24.04.1 [110 kB]
#10 97.31 Get:280 http://archive.ubuntu.com/ubuntu noble/main amd64 libglx0 amd64 1.7.0-1build1 [38.6 kB]
#10 97.40 Get:281 http://archive.ubuntu.com/ubuntu noble/main amd64 libgl1 amd64 1.7.0-1build1 [102 kB]
#10 97.51 Get:282 http://archive.ubuntu.com/ubuntu noble/main amd64 libiec61883-0 amd64 1.2.0-6build1 [24.5 kB]
#10 97.61 Get:283 http://archive.ubuntu.com/ubuntu noble/main amd64 libjack-jackd2-0 amd64 1.9.21~dfsg-3ubuntu3 [289 kB]
#10 97.88 Get:284 http://archive.ubuntu.com/ubuntu noble/universe amd64 libopenal-data all 1:1.23.1-4build1 [161 kB]
#10 97.99 Get:285 http://archive.ubuntu.com/ubuntu noble/universe amd64 libsndio7.0 amd64 1.9.0-0.3build3 [29.6 kB]
#10 98.08 Get:286 http://archive.ubuntu.com/ubuntu noble/universe amd64 libopenal1 amd64 1:1.23.1-4build1 [540 kB]
#10 98.29 Get:287 http://archive.ubuntu.com/ubuntu noble/main amd64 libdecor-0-0 amd64 0.2.2-1build2 [16.5 kB]
#10 98.38 Get:288 http://archive.ubuntu.com/ubuntu noble/main amd64 libwayland-cursor0 amd64 1.22.0-2.1build1 [10.4 kB]
#10 98.48 Get:289 http://archive.ubuntu.com/ubuntu noble/main amd64 libwayland-egl1 amd64 1.22.0-2.1build1 [5628 B]
#10 98.57 Get:290 http://archive.ubuntu.com/ubuntu noble/main amd64 libxcursor1 amd64 1:1.2.1-1build1 [20.7 kB]
#10 98.66 Get:291 http://archive.ubuntu.com/ubuntu noble/main amd64 libxrandr2 amd64 2:1.5.2-2build1 [19.7 kB]
#10 98.75 Get:292 http://archive.ubuntu.com/ubuntu noble/main amd64 libxss1 amd64 1:1.2.3-1build3 [7204 B]
#10 98.84 Get:293 http://archive.ubuntu.com/ubuntu noble-updates/main amd64 libsdl2-2.0-0 amd64 2.30.0+dfsg-1ubuntu3.1 [686 kB]
#10 99.11 Get:294 http://archive.ubuntu.com/ubuntu noble/main amd64 libxcb-shape0 amd64 1.15-1ubuntu2 [6100 B]
#10 99.20 Get:295 http://archive.ubuntu.com/ubuntu noble/main amd64 libxv1 amd64 2:1.0.11-1.1build1 [10.7 kB]
#10 99.29 Get:296 http://archive.ubuntu.com/ubuntu noble/universe amd64 libavdevice60 amd64 7:6.1.1-3ubuntu5 [82.3 kB]
#10 99.39 Get:297 http://archive.ubuntu.com/ubuntu noble/universe amd64 ffmpeg amd64 7:6.1.1-3ubuntu5 [1879 kB]
#10 99.71 Get:298 http://archive.ubuntu.com/ubuntu noble/universe amd64 fswatch amd64 1.14.0+repack-13.1 [168 kB]
#10 99.81 Get:299 http://archive.ubuntu.com/ubuntu noble-updates/main amd64 libcurl3t64-gnutls amd64 8.5.0-2ubuntu10.8 [334 kB]
#10 99.94 Get:300 http://archive.ubuntu.com/ubuntu noble/main amd64 liberror-perl all 0.17029-2 [25.6 kB]
#10 100.0 Get:301 http://archive.ubuntu.com/ubuntu noble-updates/main amd64 git-man all 1:2.43.0-1ubuntu7.3 [1100 kB]
#10 100.3 Get:302 http://archive.ubuntu.com/ubuntu noble-updates/main amd64 git amd64 1:2.43.0-1ubuntu7.3 [3680 kB]
#10 101.0 Get:303 http://archive.ubuntu.com/ubuntu noble-updates/main amd64 gnupg-utils amd64 2.4.4-2ubuntu17.4 [109 kB]
#10 101.3 Get:304 http://archive.ubuntu.com/ubuntu noble-updates/main amd64 gpg amd64 2.4.4-2ubuntu17.4 [565 kB]
#10 102.4 Get:305 http://archive.ubuntu.com/ubuntu noble/main amd64 pinentry-curses amd64 1.2.1-3ubuntu5 [35.2 kB]
#10 102.5 Get:306 http://archive.ubuntu.com/ubuntu noble-updates/main amd64 gpg-agent amd64 2.4.4-2ubuntu17.4 [227 kB]
#10 102.7 Get:307 http://archive.ubuntu.com/ubuntu noble-updates/main amd64 gpgsm amd64 2.4.4-2ubuntu17.4 [232 kB]
#10 102.9 Get:308 http://archive.ubuntu.com/ubuntu noble-updates/main amd64 keyboxd amd64 2.4.4-2ubuntu17.4 [78.3 kB]
#10 103.0 Get:309 http://archive.ubuntu.com/ubuntu noble-updates/main amd64 gnupg all 2.4.4-2ubuntu17.4 [359 kB]
#10 103.3 Get:310 http://archive.ubuntu.com/ubuntu noble-updates/main amd64 gnupg-l10n all 2.4.4-2ubuntu17.4 [66.4 kB]
#10 103.4 Get:311 http://archive.ubuntu.com/ubuntu noble-updates/main amd64 gpg-wks-client amd64 2.4.4-2ubuntu17.4 [70.8 kB]
#10 103.6 Get:312 http://archive.ubuntu.com/ubuntu noble-updates/universe amd64 libigdgmm12 amd64 22.3.17+ds1-1ubuntu1 [145 kB]
#10 103.8 Get:313 http://archive.ubuntu.com/ubuntu noble-updates/universe amd64 intel-media-va-driver amd64 24.1.0+dfsg1-1ubuntu0.2 [3163 kB]
#10 104.6 Get:314 http://archive.ubuntu.com/ubuntu noble/universe amd64 libaacs0 amd64 0.11.1-2build1 [62.9 kB]
#10 104.7 Get:315 http://archive.ubuntu.com/ubuntu noble/main amd64 libatk1.0-0t64 amd64 2.52.0-1build1 [55.3 kB]
#10 104.9 Get:316 http://archive.ubuntu.com/ubuntu noble/main amd64 libatk-bridge2.0-0t64 amd64 2.52.0-1build1 [66.0 kB]
#10 105.0 Get:317 http://archive.ubuntu.com/ubuntu noble-updates/main amd64 libavahi-common-data amd64 0.8-13ubuntu6.1 [29.9 kB]
#10 105.2 Get:318 http://archive.ubuntu.com/ubuntu noble-updates/main amd64 libavahi-common3 amd64 0.8-13ubuntu6.1 [23.4 kB]
#10 105.3 Get:319 http://archive.ubuntu.com/ubuntu noble-updates/main amd64 libavahi-client3 amd64 0.8-13ubuntu6.1 [26.8 kB]
#10 105.5 Get:320 http://archive.ubuntu.com/ubuntu noble/universe amd64 libbdplus0 amd64 0.2.0-3build1 [52.2 kB]
#10 105.6 Get:321 http://archive.ubuntu.com/ubuntu noble-updates/main amd64 libc-dev-bin amd64 2.39-0ubuntu8.7 [20.4 kB]
#10 105.8 Get:322 http://archive.ubuntu.com/ubuntu noble-updates/main amd64 libheif-plugin-aomdec amd64 1.17.6-1ubuntu4.2 [10.6 kB]
#10 105.9 Get:323 http://archive.ubuntu.com/ubuntu noble/main amd64 libde265-0 amd64 1.0.15-1build3 [166 kB]
#10 106.1 Get:324 http://archive.ubuntu.com/ubuntu noble-updates/main amd64 libheif-plugin-libde265 amd64 1.17.6-1ubuntu4.2 [8174 B]
#10 106.2 Get:325 http://archive.ubuntu.com/ubuntu noble-updates/main amd64 libheif1 amd64 1.17.6-1ubuntu4.2 [276 kB]
#10 106.7 Get:326 http://archive.ubuntu.com/ubuntu noble/main amd64 libxpm4 amd64 1:3.5.17-1build2 [36.5 kB]
#10 106.9 Get:327 http://archive.ubuntu.com/ubuntu noble/main amd64 libgd3 amd64 2.3.3-9ubuntu5 [128 kB]
#10 107.4 Get:328 http://archive.ubuntu.com/ubuntu noble-updates/main amd64 libc-devtools amd64 2.39-0ubuntu8.7 [29.3 kB]
#10 107.7 Get:329 http://archive.ubuntu.com/ubuntu noble-updates/main amd64 linux-libc-dev amd64 6.8.0-110.110 [1587 kB]
#10 109.5 Get:330 http://archive.ubuntu.com/ubuntu noble/main amd64 libcrypt-dev amd64 1:4.4.36-4build1 [112 kB]
#10 109.7 Get:331 http://archive.ubuntu.com/ubuntu noble/main amd64 rpcsvc-proto amd64 1.4.2-0ubuntu7 [67.4 kB]
#10 109.9 Get:332 http://archive.ubuntu.com/ubuntu noble-updates/main amd64 libc6-dev amd64 2.39-0ubuntu8.7 [2124 kB]
#10 111.2 Get:333 http://archive.ubuntu.com/ubuntu noble/main amd64 libcolord2 amd64 1.4.7-1build2 [149 kB]
#10 111.4 Get:334 http://archive.ubuntu.com/ubuntu noble-updates/main amd64 libcups2t64 amd64 2.4.7-1.2ubuntu7.9 [273 kB]
#10 111.7 Get:335 http://archive.ubuntu.com/ubuntu noble/main amd64 libepoxy0 amd64 1.5.10-1build1 [220 kB]
#10 111.9 Get:336 http://archive.ubuntu.com/ubuntu noble/main amd64 libxcomposite1 amd64 1:0.4.5-1build3 [6320 B]
#10 112.1 Get:337 http://archive.ubuntu.com/ubuntu noble/main amd64 libxdamage1 amd64 1:1.1.6-1build1 [6150 B]
#10 112.2 Get:338 http://archive.ubuntu.com/ubuntu noble/main amd64 libxinerama1 amd64 2:1.1.4-3build1 [6396 B]
#10 112.3 Get:339 http://archive.ubuntu.com/ubuntu noble-updates/main amd64 libgtk-3-common all 3.24.41-4ubuntu1.3 [1426 kB]
#10 113.1 Get:340 http://archive.ubuntu.com/ubuntu noble-updates/main amd64 libgtk-3-0t64 amd64 3.24.41-4ubuntu1.3 [2913 kB]
#10 114.2 Get:341 http://archive.ubuntu.com/ubuntu noble/main amd64 libdecor-0-plugin-1-gtk amd64 0.2.2-1build2 [22.2 kB]
#10 114.4 Get:342 http://archive.ubuntu.com/ubuntu noble-updates/main amd64 libgdk-pixbuf2.0-bin amd64 2.42.10+dfsg-3ubuntu3.3 [13.9 kB]
#10 114.5 Get:343 http://archive.ubuntu.com/ubuntu noble-updates/main amd64 libgtk-3-bin amd64 3.24.41-4ubuntu1.3 [73.9 kB]
#10 114.7 Get:344 http://archive.ubuntu.com/ubuntu noble-updates/main amd64 libheif-plugin-aomenc amd64 1.17.6-1ubuntu4.2 [14.7 kB]
#10 114.8 Get:345 http://archive.ubuntu.com/ubuntu noble-updates/main amd64 libldap-common all 2.6.10+dfsg-0ubuntu0.24.04.1 [32.9 kB]
#10 115.0 Get:346 http://archive.ubuntu.com/ubuntu noble-updates/main amd64 zlib1g-dev amd64 1:1.3.dfsg-3.1ubuntu2.1 [894 kB]
#10 115.4 Get:347 http://archive.ubuntu.com/ubuntu noble-updates/main amd64 libpng-dev amd64 1.6.43-5ubuntu0.5 [265 kB]
#10 115.6 Get:348 http://archive.ubuntu.com/ubuntu noble-updates/main amd64 libpng-tools amd64 1.6.43-5ubuntu0.5 [28.5 kB]
#10 115.7 Get:349 http://archive.ubuntu.com/ubuntu noble/universe amd64 librsvg2-bin amd64 2.58.0+dfsg-1build1 [2299 kB]
#10 116.4 Get:350 http://archive.ubuntu.com/ubuntu noble/main amd64 librsvg2-common amd64 2.58.0+dfsg-1build1 [11.8 kB]
#10 116.5 Get:351 http://archive.ubuntu.com/ubuntu noble-updates/main amd64 libsasl2-modules amd64 2.1.28+dfsg1-5ubuntu3.1 [69.9 kB]
#10 116.7 Get:352 http://archive.ubuntu.com/ubuntu noble/main amd64 manpages-dev all 6.7-2 [2013 kB]
#10 117.3 Get:353 http://archive.ubuntu.com/ubuntu noble-updates/universe amd64 mesa-va-drivers amd64 25.2.8-0ubuntu0.24.04.1 [6776 B]
#10 117.4 Get:354 http://archive.ubuntu.com/ubuntu noble-updates/main amd64 mesa-vdpau-drivers amd64 25.2.8-0ubuntu0.24.04.1 [23.0 kB]
#10 117.5 Get:355 http://archive.ubuntu.com/ubuntu noble-updates/main amd64 mesa-vulkan-drivers amd64 25.2.8-0ubuntu0.24.04.1 [17.5 MB]
#10 121.2 Get:356 http://archive.ubuntu.com/ubuntu noble/main amd64 patch amd64 2.7.6-7build3 [104 kB]
#10 121.4 Get:357 http://archive.ubuntu.com/ubuntu noble-updates/main amd64 sqlite3 amd64 3.45.1-1ubuntu2.5 [144 kB]
#10 121.6 Get:358 http://archive.ubuntu.com/ubuntu noble-updates/main amd64 unzip amd64 6.0-28ubuntu4.1 [174 kB]
#10 121.8 Get:359 http://archive.ubuntu.com/ubuntu noble-updates/universe amd64 i965-va-driver amd64 2.4.1+dfsg1-1ubuntu0.1 [332 kB]
#10 122.0 Get:360 http://archive.ubuntu.com/ubuntu noble-updates/universe amd64 va-driver-all amd64 2.20.0-2ubuntu0.1 [4946 B]
#10 122.1 Get:361 http://archive.ubuntu.com/ubuntu noble/main amd64 vdpau-driver-all amd64 1.5-2build1 [4414 B]
#10 122.3 Get:362 http://archive.ubuntu.com/ubuntu noble-updates/main amd64 zip amd64 3.0-13ubuntu0.2 [176 kB]
#10 122.5 Get:363 http://archive.ubuntu.com/ubuntu noble-updates/universe amd64 gosu amd64 1.17-1ubuntu0.24.04.3 [921 kB]
#10 122.8 Get:364 http://archive.ubuntu.com/ubuntu noble/universe amd64 pocketsphinx-en-us all 0.8.0+real5prealpha+1-15ubuntu5 [27.4 MB]
#10 128.4 debconf: delaying package configuration, since apt-utils is not installed
#10 128.5 Fetched 240 MB in 1min 47s (2252 kB/s)
#10 128.6 Selecting previously unselected package libpython3.12-minimal:amd64.
#10 128.6 (Reading database ... (Reading database ... 5%(Reading database ... 10%(Reading database ... 15%(Reading database ... 20%(Reading database ... 25%(Reading database ... 30%(Reading database ... 35%(Reading database ... 40%(Reading database ... 45%(Reading database ... 50%(Reading database ... 55%(Reading database ... 60%(Reading database ... 65%(Reading database ... 70%(Reading database ... 75%(Reading database ... 80%(Reading database ... 85%(Reading database ... 90%(Reading database ... 95%(Reading database ... 100%(Reading database ... 4381 files and directories currently installed.)
#10 128.7 Preparing to unpack .../libpython3.12-minimal_3.12.3-1ubuntu0.13_amd64.deb ...
#10 128.7 Unpacking libpython3.12-minimal:amd64 (3.12.3-1ubuntu0.13) ...
#10 129.1 Selecting previously unselected package libexpat1:amd64.
#10 129.1 Preparing to unpack .../libexpat1_2.6.1-2ubuntu0.4_amd64.deb ...
#10 129.1 Unpacking libexpat1:amd64 (2.6.1-2ubuntu0.4) ...
#10 129.2 Selecting previously unselected package python3.12-minimal.
#10 129.2 Preparing to unpack .../python3.12-minimal_3.12.3-1ubuntu0.13_amd64.deb ...
#10 129.3 Unpacking python3.12-minimal (3.12.3-1ubuntu0.13) ...
#10 129.5 Setting up libpython3.12-minimal:amd64 (3.12.3-1ubuntu0.13) ...
#10 129.6 Setting up libexpat1:amd64 (2.6.1-2ubuntu0.4) ...
#10 129.7 Setting up python3.12-minimal (3.12.3-1ubuntu0.13) ...
#10 132.4 Selecting previously unselected package python3-minimal.
#10 132.4 (Reading database ... (Reading database ... 5%(Reading database ... 10%(Reading database ... 15%(Reading database ... 20%(Reading database ... 25%(Reading database ... 30%(Reading database ... 35%(Reading database ... 40%(Reading database ... 45%(Reading database ... 50%(Reading database ... 55%(Reading database ... 60%(Reading database ... 65%(Reading database ... 70%(Reading database ... 75%(Reading database ... 80%(Reading database ... 85%(Reading database ... 90%(Reading database ... 95%(Reading database ... 100%(Reading database ... 4700 files and directories currently installed.)
#10 132.4 Preparing to unpack .../0-python3-minimal_3.12.3-0ubuntu2.1_amd64.deb ...
#10 132.4 Unpacking python3-minimal (3.12.3-0ubuntu2.1) ...
#10 132.5 Selecting previously unselected package media-types.
#10 132.5 Preparing to unpack .../1-media-types_10.1.0_all.deb ...
#10 132.6 Unpacking media-types (10.1.0) ...
#10 132.7 Selecting previously unselected package netbase.
#10 132.7 Preparing to unpack .../2-netbase_6.4_all.deb ...
#10 132.7 Unpacking netbase (6.4) ...
#10 133.4 Selecting previously unselected package tzdata.
#10 133.5 Preparing to unpack .../3-tzdata_2026a-0ubuntu0.24.04.1_all.deb ...
#10 133.6 Unpacking tzdata (2026a-0ubuntu0.24.04.1) ...
#10 134.0 Selecting previously unselected package readline-common.
#10 134.0 Preparing to unpack .../4-readline-common_8.2-4build1_all.deb ...
#10 134.0 Unpacking readline-common (8.2-4build1) ...
#10 134.1 Selecting previously unselected package libreadline8t64:amd64.
#10 134.1 Preparing to unpack .../5-libreadline8t64_8.2-4build1_amd64.deb ...
#10 134.1 Adding 'diversion of /lib/x86_64-linux-gnu/libhistory.so.8 to /lib/x86_64-linux-gnu/libhistory.so.8.usr-is-merged by libreadline8t64'
#10 134.2 Adding 'diversion of /lib/x86_64-linux-gnu/libhistory.so.8.2 to /lib/x86_64-linux-gnu/libhistory.so.8.2.usr-is-merged by libreadline8t64'
#10 134.2 Adding 'diversion of /lib/x86_64-linux-gnu/libreadline.so.8 to /lib/x86_64-linux-gnu/libreadline.so.8.usr-is-merged by libreadline8t64'
#10 134.2 Adding 'diversion of /lib/x86_64-linux-gnu/libreadline.so.8.2 to /lib/x86_64-linux-gnu/libreadline.so.8.2.usr-is-merged by libreadline8t64'
#10 134.2 Unpacking libreadline8t64:amd64 (8.2-4build1) ...
#10 134.3 Selecting previously unselected package libsqlite3-0:amd64.
#10 134.3 Preparing to unpack .../6-libsqlite3-0_3.45.1-1ubuntu2.5_amd64.deb ...
#10 134.4 Unpacking libsqlite3-0:amd64 (3.45.1-1ubuntu2.5) ...
#10 134.5 Selecting previously unselected package libpython3.12-stdlib:amd64.
#10 134.5 Preparing to unpack .../7-libpython3.12-stdlib_3.12.3-1ubuntu0.13_amd64.deb ...
#10 134.5 Unpacking libpython3.12-stdlib:amd64 (3.12.3-1ubuntu0.13) ...
#10 134.9 Selecting previously unselected package python3.12.
#10 134.9 Preparing to unpack .../8-python3.12_3.12.3-1ubuntu0.13_amd64.deb ...
#10 134.9 Unpacking python3.12 (3.12.3-1ubuntu0.13) ...
#10 135.0 Selecting previously unselected package libpython3-stdlib:amd64.
#10 135.0 Preparing to unpack .../9-libpython3-stdlib_3.12.3-0ubuntu2.1_amd64.deb ...
#10 135.0 Unpacking libpython3-stdlib:amd64 (3.12.3-0ubuntu2.1) ...
#10 135.1 Setting up python3-minimal (3.12.3-0ubuntu2.1) ...
#10 135.6 Selecting previously unselected package python3.
#10 135.6 (Reading database ... (Reading database ... 5%(Reading database ... 10%(Reading database ... 15%(Reading database ... 20%(Reading database ... 25%(Reading database ... 30%(Reading database ... 35%(Reading database ... 40%(Reading database ... 45%(Reading database ... 50%(Reading database ... 55%(Reading database ... 60%(Reading database ... 65%(Reading database ... 70%(Reading database ... 75%(Reading database ... 80%(Reading database ... 85%(Reading database ... 90%(Reading database ... 95%(Reading database ... 100%(Reading database ... 5706 files and directories currently installed.)
#10 135.6 Preparing to unpack .../00-python3_3.12.3-0ubuntu2.1_amd64.deb ...
#10 135.6 Unpacking python3 (3.12.3-0ubuntu2.1) ...
#10 135.8 Selecting previously unselected package libapparmor1:amd64.
#10 135.8 Preparing to unpack .../01-libapparmor1_4.0.1really4.0.1-0ubuntu0.24.04.6_amd64.deb ...
#10 135.8 Unpacking libapparmor1:amd64 (4.0.1really4.0.1-0ubuntu0.24.04.6) ...
#10 135.9 Selecting previously unselected package libargon2-1:amd64.
#10 135.9 Preparing to unpack .../02-libargon2-1_0~20190702+dfsg-4build1_amd64.deb ...
#10 136.0 Unpacking libargon2-1:amd64 (0~20190702+dfsg-4build1) ...
#10 136.1 Selecting previously unselected package libdevmapper1.02.1:amd64.
#10 136.1 Preparing to unpack .../03-libdevmapper1.02.1_2%3a1.02.185-3ubuntu3.2_amd64.deb ...
#10 136.1 Unpacking libdevmapper1.02.1:amd64 (2:1.02.185-3ubuntu3.2) ...
#10 136.2 Selecting previously unselected package libjson-c5:amd64.
#10 136.2 Preparing to unpack .../04-libjson-c5_0.17-1build1_amd64.deb ...
#10 136.3 Unpacking libjson-c5:amd64 (0.17-1build1) ...
#10 136.4 Selecting previously unselected package libcryptsetup12:amd64.
#10 136.4 Preparing to unpack .../05-libcryptsetup12_2%3a2.7.0-1ubuntu4.2_amd64.deb ...
#10 136.4 Unpacking libcryptsetup12:amd64 (2:2.7.0-1ubuntu4.2) ...
#10 136.6 Selecting previously unselected package libfdisk1:amd64.
#10 136.6 Preparing to unpack .../06-libfdisk1_2.39.3-9ubuntu6.5_amd64.deb ...
#10 136.6 Unpacking libfdisk1:amd64 (2.39.3-9ubuntu6.5) ...
#10 136.7 Selecting previously unselected package libkmod2:amd64.
#10 136.7 Preparing to unpack .../07-libkmod2_31+20240202-2ubuntu7.1_amd64.deb ...
#10 136.7 Unpacking libkmod2:amd64 (31+20240202-2ubuntu7.1) ...
#10 136.8 Selecting previously unselected package libsystemd-shared:amd64.
#10 136.8 Preparing to unpack .../08-libsystemd-shared_255.4-1ubuntu8.15_amd64.deb ...
#10 136.8 Unpacking libsystemd-shared:amd64 (255.4-1ubuntu8.15) ...
#10 137.0 Selecting previously unselected package systemd-dev.
#10 137.0 Preparing to unpack .../09-systemd-dev_255.4-1ubuntu8.15_all.deb ...
#10 137.1 Unpacking systemd-dev (255.4-1ubuntu8.15) ...
#10 137.2 Selecting previously unselected package systemd.
#10 137.3 Preparing to unpack .../10-systemd_255.4-1ubuntu8.15_amd64.deb ...
#10 137.3 Unpacking systemd (255.4-1ubuntu8.15) ...
#10 137.9 Setting up libapparmor1:amd64 (4.0.1really4.0.1-0ubuntu0.24.04.6) ...
#10 138.0 Setting up libargon2-1:amd64 (0~20190702+dfsg-4build1) ...
#10 138.0 Setting up libdevmapper1.02.1:amd64 (2:1.02.185-3ubuntu3.2) ...
#10 138.0 Setting up libjson-c5:amd64 (0.17-1build1) ...
#10 138.1 Setting up libcryptsetup12:amd64 (2:2.7.0-1ubuntu4.2) ...
#10 138.1 Setting up libfdisk1:amd64 (2.39.3-9ubuntu6.5) ...
#10 138.2 Setting up libkmod2:amd64 (31+20240202-2ubuntu7.1) ...
#10 138.2 Setting up libsystemd-shared:amd64 (255.4-1ubuntu8.15) ...
#10 138.3 Setting up systemd-dev (255.4-1ubuntu8.15) ...
#10 138.3 Setting up systemd (255.4-1ubuntu8.15) ...
#10 138.5 Created symlink /etc/systemd/system/getty.target.wants/getty@tty1.service → /usr/lib/systemd/system/getty@.service.
#10 138.5 Created symlink /etc/systemd/system/multi-user.target.wants/remote-fs.target → /usr/lib/systemd/system/remote-fs.target.
#10 138.5 Created symlink /etc/systemd/system/sysinit.target.wants/systemd-pstore.service → /usr/lib/systemd/system/systemd-pstore.service.
#10 138.5 Initializing machine ID from random generator.
#10 138.6 /usr/lib/tmpfiles.d/systemd-network.conf:10: Failed to resolve user 'systemd-network': No such process
#10 138.6 /usr/lib/tmpfiles.d/systemd-network.conf:11: Failed to resolve user 'systemd-network': No such process
#10 138.6 /usr/lib/tmpfiles.d/systemd-network.conf:12: Failed to resolve user 'systemd-network': No such process
#10 138.6 /usr/lib/tmpfiles.d/systemd-network.conf:13: Failed to resolve user 'systemd-network': No such process
#10 138.6 /usr/lib/tmpfiles.d/systemd.conf:22: Failed to resolve group 'systemd-journal': No such process
#10 138.6 /usr/lib/tmpfiles.d/systemd.conf:23: Failed to resolve group 'systemd-journal': No such process
#10 138.6 /usr/lib/tmpfiles.d/systemd.conf:28: Failed to resolve group 'systemd-journal': No such process
#10 138.6 /usr/lib/tmpfiles.d/systemd.conf:29: Failed to resolve group 'systemd-journal': No such process
#10 138.6 /usr/lib/tmpfiles.d/systemd.conf:30: Failed to resolve group 'systemd-journal': No such process
#10 138.7 Creating group 'systemd-journal' with GID 999.
#10 138.7 Creating group 'systemd-network' with GID 998.
#10 138.7 Creating user 'systemd-network' (systemd Network Management) with UID 998 and GID 998.
#10 138.9 Selecting previously unselected package systemd-sysv.
#10 138.9 (Reading database ... (Reading database ... 5%(Reading database ... 10%(Reading database ... 15%(Reading database ... 20%(Reading database ... 25%(Reading database ... 30%(Reading database ... 35%(Reading database ... 40%(Reading database ... 45%(Reading database ... 50%(Reading database ... 55%(Reading database ... 60%(Reading database ... 65%(Reading database ... 70%(Reading database ... 75%(Reading database ... 80%(Reading database ... 85%(Reading database ... 90%(Reading database ... 95%(Reading database ... 100%(Reading database ... 6756 files and directories currently installed.)
#10 138.9 Preparing to unpack .../0-systemd-sysv_255.4-1ubuntu8.15_amd64.deb ...
#10 138.9 Unpacking systemd-sysv (255.4-1ubuntu8.15) ...
#10 139.0 Selecting previously unselected package perl-modules-5.38.
#10 139.0 Preparing to unpack .../1-perl-modules-5.38_5.38.2-3.2ubuntu0.2_all.deb ...
#10 139.0 Unpacking perl-modules-5.38 (5.38.2-3.2ubuntu0.2) ...
#10 140.1 Selecting previously unselected package libgdbm6t64:amd64.
#10 140.1 Preparing to unpack .../2-libgdbm6t64_1.23-5.1build1_amd64.deb ...
#10 140.1 Unpacking libgdbm6t64:amd64 (1.23-5.1build1) ...
#10 140.2 Selecting previously unselected package libgdbm-compat4t64:amd64.
#10 140.2 Preparing to unpack .../3-libgdbm-compat4t64_1.23-5.1build1_amd64.deb ...
#10 140.2 Unpacking libgdbm-compat4t64:amd64 (1.23-5.1build1) ...
#10 140.4 Selecting previously unselected package libperl5.38t64:amd64.
#10 140.4 Preparing to unpack .../4-libperl5.38t64_5.38.2-3.2ubuntu0.2_amd64.deb ...
#10 140.4 Unpacking libperl5.38t64:amd64 (5.38.2-3.2ubuntu0.2) ...
#10 141.1 Selecting previously unselected package perl.
#10 141.1 Preparing to unpack .../5-perl_5.38.2-3.2ubuntu0.2_amd64.deb ...
#10 141.1 Unpacking perl (5.38.2-3.2ubuntu0.2) ...
#10 141.2 Selecting previously unselected package python3-pkg-resources.
#10 141.3 Preparing to unpack .../6-python3-pkg-resources_68.1.2-2ubuntu1.2_all.deb ...
#10 141.3 Unpacking python3-pkg-resources (68.1.2-2ubuntu1.2) ...
#10 141.4 Selecting previously unselected package supervisor.
#10 141.4 Preparing to unpack .../7-supervisor_4.2.5-1ubuntu0.1_all.deb ...
#10 141.4 Unpacking supervisor (4.2.5-1ubuntu0.1) ...
#10 141.6 Selecting previously unselected package adduser.
#10 141.6 Preparing to unpack .../8-adduser_3.137ubuntu1_all.deb ...
#10 141.6 Unpacking adduser (3.137ubuntu1) ...
#10 141.8 Setting up adduser (3.137ubuntu1) ...
#10 142.0 Selecting previously unselected package openssl.
#10 142.0 (Reading database ... (Reading database ... 5%(Reading database ... 10%(Reading database ... 15%(Reading database ... 20%(Reading database ... 25%(Reading database ... 30%(Reading database ... 35%(Reading database ... 40%(Reading database ... 45%(Reading database ... 50%(Reading database ... 55%(Reading database ... 60%(Reading database ... 65%(Reading database ... 70%(Reading database ... 75%(Reading database ... 80%(Reading database ... 85%(Reading database ... 90%(Reading database ... 95%(Reading database ... 100%(Reading database ... 9039 files and directories currently installed.)
#10 142.0 Preparing to unpack .../000-openssl_3.0.13-0ubuntu3.9_amd64.deb ...
#10 142.1 Unpacking openssl (3.0.13-0ubuntu3.9) ...
#10 142.2 Selecting previously unselected package ca-certificates.
#10 142.3 Preparing to unpack .../001-ca-certificates_20240203_all.deb ...
#10 142.3 Unpacking ca-certificates (20240203) ...
#10 142.5 Selecting previously unselected package libdbus-1-3:amd64.
#10 142.5 Preparing to unpack .../002-libdbus-1-3_1.14.10-4ubuntu4.1_amd64.deb ...
#10 142.5 Unpacking libdbus-1-3:amd64 (1.14.10-4ubuntu4.1) ...
#10 142.6 Selecting previously unselected package dbus-bin.
#10 142.6 Preparing to unpack .../003-dbus-bin_1.14.10-4ubuntu4.1_amd64.deb ...
#10 142.6 Unpacking dbus-bin (1.14.10-4ubuntu4.1) ...
#10 142.7 Selecting previously unselected package dbus-session-bus-common.
#10 142.7 Preparing to unpack .../004-dbus-session-bus-common_1.14.10-4ubuntu4.1_all.deb ...
#10 142.7 Unpacking dbus-session-bus-common (1.14.10-4ubuntu4.1) ...
#10 142.8 Selecting previously unselected package dbus-daemon.
#10 142.8 Preparing to unpack .../005-dbus-daemon_1.14.10-4ubuntu4.1_amd64.deb ...
#10 142.9 Unpacking dbus-daemon (1.14.10-4ubuntu4.1) ...
#10 143.0 Selecting previously unselected package dbus-system-bus-common.
#10 143.0 Preparing to unpack .../006-dbus-system-bus-common_1.14.10-4ubuntu4.1_all.deb ...
#10 143.0 Unpacking dbus-system-bus-common (1.14.10-4ubuntu4.1) ...
#10 143.1 Selecting previously unselected package dbus.
#10 143.1 Preparing to unpack .../007-dbus_1.14.10-4ubuntu4.1_amd64.deb ...
#10 143.1 Unpacking dbus (1.14.10-4ubuntu4.1) ...
#10 143.3 Selecting previously unselected package libpam-systemd:amd64.
#10 143.3 Preparing to unpack .../008-libpam-systemd_255.4-1ubuntu8.15_amd64.deb ...
#10 143.3 Unpacking libpam-systemd:amd64 (255.4-1ubuntu8.15) ...
#10 143.4 Selecting previously unselected package dbus-user-session.
#10 143.4 Preparing to unpack .../009-dbus-user-session_1.14.10-4ubuntu4.1_amd64.deb ...
#10 143.4 Unpacking dbus-user-session (1.14.10-4ubuntu4.1) ...
#10 143.6 Selecting previously unselected package dmsetup.
#10 143.6 Preparing to unpack .../010-dmsetup_2%3a1.02.185-3ubuntu3.2_amd64.deb ...
#10 143.6 Unpacking dmsetup (2:1.02.185-3ubuntu3.2) ...
#10 143.7 Selecting previously unselected package libglib2.0-0t64:amd64.
#10 143.7 Preparing to unpack .../011-libglib2.0-0t64_2.80.0-6ubuntu3.8_amd64.deb ...
#10 143.8 Unpacking libglib2.0-0t64:amd64 (2.80.0-6ubuntu3.8) ...
#10 144.0 Selecting previously unselected package gir1.2-glib-2.0:amd64.
#10 144.0 Preparing to unpack .../012-gir1.2-glib-2.0_2.80.0-6ubuntu3.8_amd64.deb ...
#10 144.0 Unpacking gir1.2-glib-2.0:amd64 (2.80.0-6ubuntu3.8) ...
#10 144.1 Selecting previously unselected package libgirepository-1.0-1:amd64.
#10 144.1 Preparing to unpack .../013-libgirepository-1.0-1_1.80.1-1_amd64.deb ...
#10 144.1 Unpacking libgirepository-1.0-1:amd64 (1.80.1-1) ...
#10 144.2 Selecting previously unselected package gir1.2-girepository-2.0:amd64.
#10 144.2 Preparing to unpack .../014-gir1.2-girepository-2.0_1.80.1-1_amd64.deb ...
#10 144.2 Unpacking gir1.2-girepository-2.0:amd64 (1.80.1-1) ...
#10 144.3 Selecting previously unselected package krb5-locales.
#10 144.3 Preparing to unpack .../015-krb5-locales_1.20.1-6ubuntu2.6_all.deb ...
#10 144.3 Unpacking krb5-locales (1.20.1-6ubuntu2.6) ...
#10 144.5 Selecting previously unselected package less.
#10 144.5 Preparing to unpack .../016-less_590-2ubuntu2.1_amd64.deb ...
#10 144.5 Unpacking less (590-2ubuntu2.1) ...
#10 144.6 Selecting previously unselected package libbsd0:amd64.
#10 144.6 Preparing to unpack .../017-libbsd0_0.12.1-1build1.1_amd64.deb ...
#10 144.6 Unpacking libbsd0:amd64 (0.12.1-1build1.1) ...
#10 144.7 Selecting previously unselected package libcap2-bin.
#10 144.7 Preparing to unpack .../018-libcap2-bin_1%3a2.66-5ubuntu2.4_amd64.deb ...
#10 144.7 Unpacking libcap2-bin (1:2.66-5ubuntu2.4) ...
#10 144.9 Selecting previously unselected package libelf1t64:amd64.
#10 144.9 Preparing to unpack .../019-libelf1t64_0.190-1.1ubuntu0.1_amd64.deb ...
#10 144.9 Unpacking libelf1t64:amd64 (0.190-1.1ubuntu0.1) ...
#10 145.0 Selecting previously unselected package libfribidi0:amd64.
#10 145.0 Preparing to unpack .../020-libfribidi0_1.0.13-3build1_amd64.deb ...
#10 145.1 Unpacking libfribidi0:amd64 (1.0.13-3build1) ...
#10 145.2 Selecting previously unselected package libglib2.0-data.
#10 145.2 Preparing to unpack .../021-libglib2.0-data_2.80.0-6ubuntu3.8_all.deb ...
#10 145.2 Unpacking libglib2.0-data (2.80.0-6ubuntu3.8) ...
#10 145.3 Selecting previously unselected package libkrb5support0:amd64.
#10 145.3 Preparing to unpack .../022-libkrb5support0_1.20.1-6ubuntu2.6_amd64.deb ...
#10 145.3 Unpacking libkrb5support0:amd64 (1.20.1-6ubuntu2.6) ...
#10 145.4 Selecting previously unselected package libk5crypto3:amd64.
#10 145.4 Preparing to unpack .../023-libk5crypto3_1.20.1-6ubuntu2.6_amd64.deb ...
#10 145.5 Unpacking libk5crypto3:amd64 (1.20.1-6ubuntu2.6) ...
#10 145.6 Selecting previously unselected package libkeyutils1:amd64.
#10 145.6 Preparing to unpack .../024-libkeyutils1_1.6.3-3build1_amd64.deb ...
#10 145.6 Unpacking libkeyutils1:amd64 (1.6.3-3build1) ...
#10 145.7 Selecting previously unselected package libkrb5-3:amd64.
#10 145.7 Preparing to unpack .../025-libkrb5-3_1.20.1-6ubuntu2.6_amd64.deb ...
#10 145.8 Unpacking libkrb5-3:amd64 (1.20.1-6ubuntu2.6) ...
#10 145.9 Selecting previously unselected package libgssapi-krb5-2:amd64.
#10 145.9 Preparing to unpack .../026-libgssapi-krb5-2_1.20.1-6ubuntu2.6_amd64.deb ...
#10 145.9 Unpacking libgssapi-krb5-2:amd64 (1.20.1-6ubuntu2.6) ...
#10 146.1 Selecting previously unselected package libicu74:amd64.
#10 146.1 Preparing to unpack .../027-libicu74_74.2-1ubuntu3.1_amd64.deb ...
#10 146.1 Unpacking libicu74:amd64 (74.2-1ubuntu3.1) ...
#10 146.6 Selecting previously unselected package libnss-systemd:amd64.
#10 146.7 Preparing to unpack .../028-libnss-systemd_255.4-1ubuntu8.15_amd64.deb ...
#10 146.7 Unpacking libnss-systemd:amd64 (255.4-1ubuntu8.15) ...
#10 146.8 Selecting previously unselected package libpam-cap:amd64.
#10 146.8 Preparing to unpack .../029-libpam-cap_1%3a2.66-5ubuntu2.4_amd64.deb ...
#10 146.8 Unpacking libpam-cap:amd64 (1:2.66-5ubuntu2.4) ...
#10 146.9 Selecting previously unselected package libslang2:amd64.
#10 147.0 Preparing to unpack .../030-libslang2_2.3.3-3build2_amd64.deb ...
#10 147.0 Unpacking libslang2:amd64 (2.3.3-3build2) ...
#10 147.1 Selecting previously unselected package libxml2:amd64.
#10 147.1 Preparing to unpack .../031-libxml2_2.9.14+dfsg-1.3ubuntu3.7_amd64.deb ...
#10 147.1 Unpacking libxml2:amd64 (2.9.14+dfsg-1.3ubuntu3.7) ...
#10 147.3 Selecting previously unselected package python3-dbus.
#10 147.3 Preparing to unpack .../032-python3-dbus_1.3.2-5build3_amd64.deb ...
#10 147.3 Unpacking python3-dbus (1.3.2-5build3) ...
#10 148.8 Selecting previously unselected package python3-gi.
#10 148.8 Preparing to unpack .../033-python3-gi_3.48.2-1_amd64.deb ...
#10 148.8 Unpacking python3-gi (3.48.2-1) ...
#10 148.9 Selecting previously unselected package networkd-dispatcher.
#10 148.9 Preparing to unpack .../034-networkd-dispatcher_2.2.4-1_all.deb ...
#10 149.0 Unpacking networkd-dispatcher (2.2.4-1) ...
#10 149.1 Selecting previously unselected package shared-mime-info.
#10 149.1 Preparing to unpack .../035-shared-mime-info_2.4-4_amd64.deb ...
#10 149.1 Unpacking shared-mime-info (2.4-4) ...
#10 149.3 Selecting previously unselected package systemd-resolved.
#10 149.3 Preparing to unpack .../036-systemd-resolved_255.4-1ubuntu8.15_amd64.deb ...
#10 149.3 Unpacking systemd-resolved (255.4-1ubuntu8.15) ...
#10 149.4 Selecting previously unselected package systemd-timesyncd.
#10 149.4 Preparing to unpack .../037-systemd-timesyncd_255.4-1ubuntu8.15_amd64.deb ...
#10 149.4 Unpacking systemd-timesyncd (255.4-1ubuntu8.15) ...
#10 149.6 Selecting previously unselected package xdg-user-dirs.
#10 149.6 Preparing to unpack .../038-xdg-user-dirs_0.18-1build1_amd64.deb ...
#10 149.6 Unpacking xdg-user-dirs (0.18-1build1) ...
#10 149.7 Selecting previously unselected package xkb-data.
#10 149.7 Preparing to unpack .../039-xkb-data_2.41-2ubuntu1.1_all.deb ...
#10 149.7 Unpacking xkb-data (2.41-2ubuntu1.1) ...
#10 150.0 Selecting previously unselected package libuv1t64:amd64.
#10 150.0 Preparing to unpack .../040-libuv1t64_1.48.0-1.1build1_amd64.deb ...
#10 150.0 Unpacking libuv1t64:amd64 (1.48.0-1.1build1) ...
#10 150.2 Selecting previously unselected package libedit2:amd64.
#10 150.2 Preparing to unpack .../041-libedit2_3.1-20230828-1build1_amd64.deb ...
#10 150.2 Unpacking libedit2:amd64 (3.1-20230828-1build1) ...
#10 150.3 Selecting previously unselected package liblmdb0:amd64.
#10 150.3 Preparing to unpack .../042-liblmdb0_0.9.31-1build1_amd64.deb ...
#10 150.4 Unpacking liblmdb0:amd64 (0.9.31-1build1) ...
#10 150.5 Selecting previously unselected package libmaxminddb0:amd64.
#10 150.5 Preparing to unpack .../043-libmaxminddb0_1.9.1-1build1_amd64.deb ...
#10 150.5 Unpacking libmaxminddb0:amd64 (1.9.1-1build1) ...
#10 150.6 Selecting previously unselected package libnghttp2-14:amd64.
#10 150.6 Preparing to unpack .../044-libnghttp2-14_1.59.0-1ubuntu0.2_amd64.deb ...
#10 150.6 Unpacking libnghttp2-14:amd64 (1.59.0-1ubuntu0.2) ...
#10 150.8 Selecting previously unselected package bind9-libs:amd64.
#10 150.8 Preparing to unpack .../045-bind9-libs_1%3a9.18.39-0ubuntu0.24.04.3_amd64.deb ...
#10 150.8 Unpacking bind9-libs:amd64 (1:9.18.39-0ubuntu0.24.04.3) ...
#10 150.9 Selecting previously unselected package bind9-host.
#10 150.9 Preparing to unpack .../046-bind9-host_1%3a9.18.39-0ubuntu0.24.04.3_amd64.deb ...
#10 150.9 Unpacking bind9-host (1:9.18.39-0ubuntu0.24.04.3) ...
#10 151.0 Selecting previously unselected package bind9-dnsutils.
#10 151.0 Preparing to unpack .../047-bind9-dnsutils_1%3a9.18.39-0ubuntu0.24.04.3_amd64.deb ...
#10 151.0 Unpacking bind9-dnsutils (1:9.18.39-0ubuntu0.24.04.3) ...
#10 151.2 Selecting previously unselected package libcbor0.10:amd64.
#10 151.2 Preparing to unpack .../048-libcbor0.10_0.10.2-1.2ubuntu2_amd64.deb ...
#10 151.2 Unpacking libcbor0.10:amd64 (0.10.2-1.2ubuntu2) ...
#10 151.3 Selecting previously unselected package libdrm-common.
#10 151.3 Preparing to unpack .../049-libdrm-common_2.4.125-1ubuntu0.1~24.04.1_all.deb ...
#10 151.3 Unpacking libdrm-common (2.4.125-1ubuntu0.1~24.04.1) ...
#10 151.4 Selecting previously unselected package libdrm2:amd64.
#10 151.4 Preparing to unpack .../050-libdrm2_2.4.125-1ubuntu0.1~24.04.1_amd64.deb ...
#10 151.4 Unpacking libdrm2:amd64 (2.4.125-1ubuntu0.1~24.04.1) ...
#10 151.5 Selecting previously unselected package libfido2-1:amd64.
#10 151.5 Preparing to unpack .../051-libfido2-1_1.14.0-1build3_amd64.deb ...
#10 151.6 Unpacking libfido2-1:amd64 (1.14.0-1build3) ...
#10 151.7 Selecting previously unselected package libnuma1:amd64.
#10 151.7 Preparing to unpack .../052-libnuma1_2.0.18-1ubuntu0.24.04.1_amd64.deb ...
#10 151.7 Unpacking libnuma1:amd64 (2.0.18-1ubuntu0.24.04.1) ...
#10 151.8 Selecting previously unselected package libpng16-16t64:amd64.
#10 151.8 Preparing to unpack .../053-libpng16-16t64_1.6.43-5ubuntu0.5_amd64.deb ...
#10 151.8 Unpacking libpng16-16t64:amd64 (1.6.43-5ubuntu0.5) ...
#10 152.0 Selecting previously unselected package libpsl5t64:amd64.
#10 152.0 Preparing to unpack .../054-libpsl5t64_0.21.2-1.1build1_amd64.deb ...
#10 152.0 Unpacking libpsl5t64:amd64 (0.21.2-1.1build1) ...
#10 152.1 Selecting previously unselected package libsensors-config.
#10 152.1 Preparing to unpack .../055-libsensors-config_1%3a3.6.0-9build1_all.deb ...
#10 152.1 Unpacking libsensors-config (1:3.6.0-9build1) ...
#10 152.2 Selecting previously unselected package libsensors5:amd64.
#10 152.2 Preparing to unpack .../056-libsensors5_1%3a3.6.0-9build1_amd64.deb ...
#10 152.3 Unpacking libsensors5:amd64 (1:3.6.0-9build1) ...
#10 152.4 Selecting previously unselected package libusb-1.0-0:amd64.
#10 152.4 Preparing to unpack .../057-libusb-1.0-0_2%3a1.0.27-1_amd64.deb ...
#10 152.4 Unpacking libusb-1.0-0:amd64 (2:1.0.27-1) ...
#10 152.5 Selecting previously unselected package libxau6:amd64.
#10 152.5 Preparing to unpack .../058-libxau6_1%3a1.0.9-1build6_amd64.deb ...
#10 152.5 Unpacking libxau6:amd64 (1:1.0.9-1build6) ...
#10 152.7 Selecting previously unselected package libxdmcp6:amd64.
#10 152.7 Preparing to unpack .../059-libxdmcp6_1%3a1.1.3-0ubuntu6_amd64.deb ...
#10 152.7 Unpacking libxdmcp6:amd64 (1:1.1.3-0ubuntu6) ...
#10 152.8 Selecting previously unselected package libxcb1:amd64.
#10 152.8 Preparing to unpack .../060-libxcb1_1.15-1ubuntu2_amd64.deb ...
#10 152.8 Unpacking libxcb1:amd64 (1.15-1ubuntu2) ...
#10 152.9 Selecting previously unselected package libx11-data.
#10 152.9 Preparing to unpack .../061-libx11-data_2%3a1.8.7-1build1_all.deb ...
#10 152.9 Unpacking libx11-data (2:1.8.7-1build1) ...
#10 153.3 Selecting previously unselected package libx11-6:amd64.
#10 153.3 Preparing to unpack .../062-libx11-6_2%3a1.8.7-1build1_amd64.deb ...
#10 153.3 Unpacking libx11-6:amd64 (2:1.8.7-1build1) ...
#10 153.4 Selecting previously unselected package libxext6:amd64.
#10 153.4 Preparing to unpack .../063-libxext6_2%3a1.3.4-1build2_amd64.deb ...
#10 153.4 Unpacking libxext6:amd64 (2:1.3.4-1build2) ...
#10 153.5 Selecting previously unselected package libxkbcommon0:amd64.
#10 153.5 Preparing to unpack .../064-libxkbcommon0_1.6.0-1build1_amd64.deb ...
#10 153.6 Unpacking libxkbcommon0:amd64 (1.6.0-1build1) ...
#10 153.7 Selecting previously unselected package libxmuu1:amd64.
#10 153.7 Preparing to unpack .../065-libxmuu1_2%3a1.1.3-3build2_amd64.deb ...
#10 153.7 Unpacking libxmuu1:amd64 (2:1.1.3-3build2) ...
#10 154.1 Selecting previously unselected package manpages.
#10 154.1 Preparing to unpack .../066-manpages_6.7-2_all.deb ...
#10 154.2 Unpacking manpages (6.7-2) ...
#10 154.4 Selecting previously unselected package nano.
#10 154.4 Preparing to unpack .../067-nano_7.2-2ubuntu0.1_amd64.deb ...
#10 154.4 Unpacking nano (7.2-2ubuntu0.1) ...
#10 154.6 Selecting previously unselected package openssh-client.
#10 154.6 Preparing to unpack .../068-openssh-client_1%3a9.6p1-3ubuntu13.16_amd64.deb ...
#10 154.6 Unpacking openssh-client (1:9.6p1-3ubuntu13.16) ...
#10 154.8 Selecting previously unselected package publicsuffix.
#10 154.8 Preparing to unpack .../069-publicsuffix_20231001.0357-0.1_all.deb ...
#10 154.8 Unpacking publicsuffix (20231001.0357-0.1) ...
#10 154.9 Selecting previously unselected package xauth.
#10 154.9 Preparing to unpack .../070-xauth_1%3a1.1.2-1build1_amd64.deb ...
#10 154.9 Unpacking xauth (1:1.1.2-1build1) ...
#10 155.1 Selecting previously unselected package libgdk-pixbuf2.0-common.
#10 155.1 Preparing to unpack .../071-libgdk-pixbuf2.0-common_2.42.10+dfsg-3ubuntu3.3_all.deb ...
#10 155.1 Unpacking libgdk-pixbuf2.0-common (2.42.10+dfsg-3ubuntu3.3) ...
#10 155.2 Selecting previously unselected package libjpeg-turbo8:amd64.
#10 155.2 Preparing to unpack .../072-libjpeg-turbo8_2.1.5-2ubuntu2_amd64.deb ...
#10 155.2 Unpacking libjpeg-turbo8:amd64 (2.1.5-2ubuntu2) ...
#10 155.3 Selecting previously unselected package libjpeg8:amd64.
#10 155.3 Preparing to unpack .../073-libjpeg8_8c-2ubuntu11_amd64.deb ...
#10 155.4 Unpacking libjpeg8:amd64 (8c-2ubuntu11) ...
#10 155.5 Selecting previously unselected package libdeflate0:amd64.
#10 155.5 Preparing to unpack .../074-libdeflate0_1.19-1build1.1_amd64.deb ...
#10 155.5 Unpacking libdeflate0:amd64 (1.19-1build1.1) ...
#10 155.6 Selecting previously unselected package libjbig0:amd64.
#10 155.6 Preparing to unpack .../075-libjbig0_2.1-6.1ubuntu2_amd64.deb ...
#10 155.6 Unpacking libjbig0:amd64 (2.1-6.1ubuntu2) ...
#10 155.8 Selecting previously unselected package liblerc4:amd64.
#10 155.8 Preparing to unpack .../076-liblerc4_4.0.0+ds-4ubuntu2_amd64.deb ...
#10 155.8 Unpacking liblerc4:amd64 (4.0.0+ds-4ubuntu2) ...
#10 155.9 Selecting previously unselected package libsharpyuv0:amd64.
#10 155.9 Preparing to unpack .../077-libsharpyuv0_1.3.2-0.4build3_amd64.deb ...
#10 155.9 Unpacking libsharpyuv0:amd64 (1.3.2-0.4build3) ...
#10 156.0 Selecting previously unselected package libwebp7:amd64.
#10 156.0 Preparing to unpack .../078-libwebp7_1.3.2-0.4build3_amd64.deb ...
#10 156.1 Unpacking libwebp7:amd64 (1.3.2-0.4build3) ...
#10 156.2 Selecting previously unselected package libtiff6:amd64.
#10 156.2 Preparing to unpack .../079-libtiff6_4.5.1+git230720-4ubuntu2.5_amd64.deb ...
#10 156.2 Unpacking libtiff6:amd64 (4.5.1+git230720-4ubuntu2.5) ...
#10 156.4 Selecting previously unselected package libgdk-pixbuf-2.0-0:amd64.
#10 156.4 Preparing to unpack .../080-libgdk-pixbuf-2.0-0_2.42.10+dfsg-3ubuntu3.3_amd64.deb ...
#10 156.4 Unpacking libgdk-pixbuf-2.0-0:amd64 (2.42.10+dfsg-3ubuntu3.3) ...
#10 156.5 Selecting previously unselected package gtk-update-icon-cache.
#10 156.5 Preparing to unpack .../081-gtk-update-icon-cache_3.24.41-4ubuntu1.3_amd64.deb ...
#10 156.6 Unpacking gtk-update-icon-cache (3.24.41-4ubuntu1.3) ...
#10 156.7 Selecting previously unselected package hicolor-icon-theme.
#10 156.7 Preparing to unpack .../082-hicolor-icon-theme_0.17-2_all.deb ...
#10 156.7 Unpacking hicolor-icon-theme (0.17-2) ...

^C